nondirect	 ¶ La veille, à dix heures du soir, le Chourineur s'était exactement trouvé au rendez-vous que lui avait assigné Rodolphe.
nondirect	 La suite de ce récit fera connaître le résultat de ce rendez-vous.
nondirect	 ¶ Il était donc midi.
nondirect	 Il pleuvait à torrents ; la Seine, gonflée par des pluies presque continuelles, avait atteint une hauteur énorme et inondait une partie du quai.
nondirect	 ¶ Rodolphe regardait de temps à autre avec impatience du côté de la barrière ; enfin, avisant au loin un homme et une femme qui s'avançaient abrités par un parapluie, il reconnut la Chouette et le Maître d'école.
nondirect	 ¶ Ces deux personnages étaient complètement métamorphosés : le brigand avait abandonné ses méchants habits et son air de brutalité féroce ; il portait une longue redingote de castorine verte et un chapeau rond ; sa cravate et sa chemise étaient d'une extrême blancheur.
nondirect	 Sans l'épouvantable hideur de ses traits et le fauve éclat de son regard, toujours ardent et mobile, on eût pris cet homme, à sa démarche paisible, assurée, pour un honnête bourgeois.
nondirect	 ¶ La borgnesse, aussi endimanchée, portait un bonnet blanc, un grand châle en bourre de soie, façon cachemire, et tenait à la main un vaste cabas.
nondirect	 ¶ La pluie avait un moment cessé ; Rodolphe surmonta un moment de dégoût et marcha droit au couple affreux.
nondirect	 ¶ À l'argot du tapis-franc le Maître d'école avait substitué un langage presque recherché, qui paraissait d'autant plus horrible qu'il annonçait un esprit cultivé et qu'il contrastait avec les forfanteries sanguinaires de ce brigand.
nondirect	 ¶ Lorsque Rodolphe s'approcha de lui, le Maître d'école le salua profondément ; la Chouette fit la révérence.
directspeech	 ¶ -- Monsieur... votre très-humble serviteur...
nondirect	, dit le Maître d'école.
directspeech	 À vous rendre mes devoirs, enchanté de faire... ou plutôt de refaire votre connaissance... car avant-hier vous m'avez octroyé deux coups de poing à assommer un rhinocéros. Mais ne parlons pas de cela maintenant : c'était une plaisanterie de votre part, j'en suis sûr... une simple plaisanterie. N'y pensons plus... de graves intérêts nous rassemblent. J'ai vu hier soir, à onze heures, le Chourineur au tapis-franc ; je lui ai donné rendez-vous ici ce matin, dans le cas où il voudrait être notre collaborateur ; mais il paraît qu'il refuse décidément.
directspeech	 Mais ne parlons pas de cela maintenant : c'était une plaisanterie de votre part, j'en suis sûr... une simple plaisanterie. N'y pensons plus... de graves intérêts nous rassemblent. J'ai vu hier soir, à onze heures, le Chourineur au tapis-franc ; je lui ai donné rendez-vous ici ce matin, dans le cas où il voudrait être notre collaborateur ; mais il paraît qu'il refuse décidément.
directspeech	 N'y pensons plus... de graves intérêts nous rassemblent. J'ai vu hier soir, à onze heures, le Chourineur au tapis-franc ; je lui ai donné rendez-vous ici ce matin, dans le cas où il voudrait être notre collaborateur ; mais il paraît qu'il refuse décidément.
directspeech	 J'ai vu hier soir, à onze heures, le Chourineur au tapis-franc ; je lui ai donné rendez-vous ici ce matin, dans le cas où il voudrait être notre collaborateur ; mais il paraît qu'il refuse décidément.
directspeech	 ¶ -- Vous acceptez donc !
directspeech	 ¶ -- Si vous vouliez, monsieur... Votre nom ?
directspeech	 ¶ -- Rodolphe.
directspeech	 ¶ -- Monsieur Rodolphe... nous entrerions au Panier-Fleuri... ni moi ni madame nous n'avons déjeuné... Nous parlerions de nos petites affaires en cassant une croûte.
directspeech	 ¶ -- Volontiers.
directspeech	 ¶ -- Nous pouvons toujours causer en marchant. Vous et le Chourineur devez sans reproche un dédommagement à ma femme et à moi... Vous nous avez fait perdre plus de deux mille francs. La Chouette avait rendez-vous, près de Saint-Ouen, avec un grand monsieur en deuil qui était venu vous demander l'autre soir au tapis-franc ; il proposait deux mille francs pour vous faire quelque chose... Le Chourineur m'a à peu près expliqué cela... Mais j'y pense, Finette,
directspeech	 Vous et le Chourineur devez sans reproche un dédommagement à ma femme et à moi... Vous nous avez fait perdre plus de deux mille francs. La Chouette avait rendez-vous, près de Saint-Ouen, avec un grand monsieur en deuil qui était venu vous demander l'autre soir au tapis-franc ; il proposait deux mille francs pour vous faire quelque chose... Le Chourineur m'a à peu près expliqué cela... Mais j'y pense, Finette,
directspeech	 La Chouette avait rendez-vous, près de Saint-Ouen, avec un grand monsieur en deuil qui était venu vous demander l'autre soir au tapis-franc ; il proposait deux mille francs pour vous faire quelque chose... Le Chourineur m'a à peu près expliqué cela... Mais j'y pense, Finette,
directspeech	 dit le brigand, va choisir un cabinet au Panier-Fleuri et commander le déjeuner : des côtelettes, un morceau de veau, une salade et deux bouteilles de Beaune première ; nous te rejoignons.
nondirect	 ¶ La Chouette n'avait pas un instant quitté Rodolphe du regard ; elle partit après avoir échangé un coup d'œil avec le Maître d'école.
nondirect	 Celui-ci reprit : ¶ 
directspeech	-- Je vous disais donc, monsieur Rodolphe, que le Chourineur m'avait édifié sur cette proposition de deux mille francs.
directspeech	 ¶ -- Qu'est-ce que ça signifie, édifier ?
directspeech	 ¶ -- C'est juste... ce langage est un peu ambitieux pour vous ; je voulais dire que le Chourineur m'avait à peu près appris ce que voulait de vous ce grand monsieur en deuil, avec ses deux mille francs.
directspeech	 ¶ -- Bien, bien...
directspeech	 ¶ -- Ça n'est pas déjà si bien, jeune homme ; car le Chourineur ayant rencontré hier matin la Chouette près de Saint-Ouen, il ne l'a pas quittée d'une semelle dès qu'il a vu arriver le grand monsieur en deuil ; de sorte que celui-ci n'a pas osé approcher. C'est donc deux mille francs qu'il faut que vous me fassiez regagner, sans compter cinq cents francs pour un portefeuille que nous devions rendre, mais que nous n'aurions pas d'ailleurs rendu, inspection faite des papiers qui nous ont paru valoir mieux que ça.
directspeech	 C'est donc deux mille francs qu'il faut que vous me fassiez regagner, sans compter cinq cents francs pour un portefeuille que nous devions rendre, mais que nous n'aurions pas d'ailleurs rendu, inspection faite des papiers qui nous ont paru valoir mieux que ça.
directspeech	 ¶ -- Il contient donc de grandes valeurs ?
directspeech	 ¶ -- Il contient des papiers qui m'ont paru fort curieux, quoique la plupart soient écrits en anglais ; et je les garde là
nondirect	, dit le brigand en frappant sur la poche de côté de sa redingote.
nondirect	 ¶ En apprenant que le Maître d'école avait encore les papiers saisis l'avant-veille sur Tom, Rodolphe fut très-satisfait ; ils étaient pour lui d'une haute importance.
nondirect	 Ses instructions au Chourineur n'avaient pas eu d'autre but que d'empêcher Tom de s'approcher de la Chouette ; celui-ci garderait alors le portefeuille, et Rodolphe espérait s'en rendre possesseur.
directspeech	 ¶ -- Je garde donc ces papiers comme une poire pour la soif,
directspeech	 dit le brigand ; car j'ai trouvé l'adresse du monsieur en deuil, et, d'une façon ou d'une autre, je le reverrai.
directspeech	 ¶ -- Nous pourrons faire affaire si vous voulez ; si notre coup réussit, je vous achèterai ces papiers, moi qui connais l'homme ; ça me va mieux qu'à vous.
directspeech	 ¶ -- Nous verrons... Mais d'abord revenons à nos moutons.
directspeech	 ¶ -- Eh bien ! donc, j'avais proposé une affaire superbe au Chourineur ; il avait d'abord accepté, puis il s'est dédit.
directspeech	 donc, j'avais proposé une affaire superbe au Chourineur ; il avait d'abord accepté, puis il s'est dédit.
directspeech	 ¶ -- Il a toujours eu des idées singulières...
directspeech	 ¶ -- Mais en se dédisant il m'a observé...
directspeech	 ¶ -- Il vous a fait observer...
directspeech	 ¶ -- Diable... vous êtes à cheval sur la grammaire.
directspeech	 ¶ -- Maître d'école, c'est mon état.
directspeech	 ¶ -- Il m'a fait observer que s'il ne mangeait pas de pain rouge il ne fallait pas en dégoûter les autres ; et que vous pourriez me donner un coup de main.
directspeech	 ¶ -- Et pourrais-je savoir, sans indiscrétion, pourquoi vous aviez donné rendez-vous au Chourineur hier matin à Saint-Ouen ? Ce qui lui a procuré l'avantage de rencontrer la Chouette ? Il a été embarrassé pour me répondre à ce sujet.
directspeech	 Ce qui lui a procuré l'avantage de rencontrer la Chouette ? Il a été embarrassé pour me répondre à ce sujet.
directspeech	 Il a été embarrassé pour me répondre à ce sujet.
directspeech	 ¶ Rodolphe se mordit imperceptiblement les lèvres et répondit en haussant les épaules : ¶ -- Je le crois bien, je ne lui avais dit mon projet qu'à moitié... vous comprenez... ne sachant pas s'il était tout à fait décidé.
directspeech	 ¶ -- C'était plus prudent...
directspeech	 ¶ -- D'autant plus prudent que j'avais deux cordes à mon arc.
directspeech	 ¶ -- Ah, bah !
directspeech	 ¶ -- Certainement.
directspeech	 ¶ -- Vous êtes un homme de précaution... Vous aviez donc donné rendez-vous au Chourineur à Saint-Ouen pour...
directspeech	 ¶ Rodolphe, après un moment d'hésitation, eut le bonheur de trouver une fable vraisemblable pour couvrir la maladresse du Chourineur ; il reprit : ¶ -- Voici l'affaire... Le coup que je propose est très-bon, parce que le maître de la maison en question est à la campagne... toute ma peur était qu'il revienne. Pour être tranquille, je me dis : « Je n'ai qu'une chose à faire... »
directspeech	 Pour être tranquille, je me dis : « Je n'ai qu'une chose à faire... »
directspeech	 ¶ -- C'était de vous assurer de la présence réelle dudit maître à la campagne.
directspeech	 ¶ -- Comme vous dites... Je pars donc pour Pierrefitte, où est sa maison de campagne... j'ai ma cousine, domestique là... vous comprenez !
directspeech	 ¶ -- Parfaitement, mon gaillard. Eh bien ?
directspeech	 Eh bien ?
directspeech	 ¶ -- Ma cousine m'a dit que son maître ne revenait à Paris qu'après-demain...
directspeech	 ¶ -- Après-demain ?
directspeech	 ¶ -- Oui.
directspeech	 ¶ -- Très-bien. Mais j'en reviens à ma question... Pourquoi donner rendez-vous au Chourineur à Saint-Ouen ?
directspeech	 Mais j'en reviens à ma question... Pourquoi donner rendez-vous au Chourineur à Saint-Ouen ?
directspeech	 ¶ -- Vous n'êtes pas intelligent... Combien y a-t-il de Pierrefitte à Saint-Ouen ?
directspeech	 ¶ -- Une lieue environ.
directspeech	 ¶ -- Et de Saint-Ouen à Paris ?
directspeech	 ¶ -- Autant.
directspeech	 ¶ -- Eh bien ? Si je n'avais trouvé personne à Pierrefitte, c'est-à-dire la maison déserte... il y avait là aussi un bon coup à faire... moins bon qu'à Paris, mais passable... Je revenais à Saint-Ouen rechercher le Chourineur qui m'attendait. Nous retournions à Pierrefitte par un chemin de traverse que je connais, et...
directspeech	 Si je n'avais trouvé personne à Pierrefitte, c'est-à-dire la maison déserte... il y avait là aussi un bon coup à faire... moins bon qu'à Paris, mais passable... Je revenais à Saint-Ouen rechercher le Chourineur qui m'attendait. Nous retournions à Pierrefitte par un chemin de traverse que je connais, et...
directspeech	 Nous retournions à Pierrefitte par un chemin de traverse que je connais, et...
directspeech	 ¶ -- Je comprends. Si, au contraire, le coup était pour Paris... ?
directspeech	 Si, au contraire, le coup était pour Paris... ?
directspeech	 ¶ -- Nous gagnions la barrière de l'Étoile par le chemin de la Révolte, et de là à l'allée des Veuves...
directspeech	 ¶ -- Il n'y a qu'un pas... c'est tout simple. À Saint-Ouen vous étiez à cheval sur vos deux opérations... cela était fort adroit. Maintenant je m'explique la présence du Chourineur à Saint-Ouen... Nous disons donc que la maison de l'allée des Veuves sera inhabitée jusqu'à après-demain.
directspeech	 À Saint-Ouen vous étiez à cheval sur vos deux opérations... cela était fort adroit. Maintenant je m'explique la présence du Chourineur à Saint-Ouen... Nous disons donc que la maison de l'allée des Veuves sera inhabitée jusqu'à après-demain.
directspeech	 Maintenant je m'explique la présence du Chourineur à Saint-Ouen... Nous disons donc que la maison de l'allée des Veuves sera inhabitée jusqu'à après-demain.
directspeech	 ¶ -- Inhabitée... sauf le portier.
directspeech	 ¶ -- Bien entendu... Et c'est une opération avantageuse ?
directspeech	 ¶ -- Ma cousine m'a parlé de soixante mille francs en or dans le cabinet de son maître.
directspeech	 ¶ -- Et vous connaissez les êtres ?
directspeech	 ¶ -- Comme ma poche... ma cousine est là depuis un an... et c'est à force de l'entendre parler des sommes que son maître retire de la banque pour les placer autrement que l'idée m'est venue... Comme le portier est vigoureux, j'en avais parlé au Chourineur... Il avait, après bien des façons, consenti... mais il a rechigné... Du reste, il n'est pas capable de vendre un ami.
directspeech	 ¶ -- Non, il a du bon... Mais nous voici arrivés. Je ne sais pas si vous êtes comme moi, mais l'air du matin m'a donné de l'appétit...
directspeech	 Je ne sais pas si vous êtes comme moi, mais l'air du matin m'a donné de l'appétit...
nondirect	 ¶ La Chouette était sur le seuil de la porte du cabaret.
directspeech	 ¶ -- Par ici, dit-elle, par ici !... J'ai commandé notre déjeuner.
directspeech	... J'ai commandé notre déjeuner.
nondirect	 ¶ Rodolphe voulut faire passer le brigand devant lui ; il avait pour cela ses raisons... mais le Maître d'école mit tant d'instance à se défendre de cette politesse que Rodolphe passa d'abord.
nondirect	 ¶ Avant de se mettre à table, le Maître d'école frappa légèrement sur l'une et l'autre des cloisons, afin de s'assurer de leur épaisseur et de leur sonorité.
directspeech	 ¶ -- Nous n'aurons pas besoin de parler trop bas,
directspeech	 dit-il, la cloison n'est pas mince. On nous servira tout d'un coup, et nous ne serons pas dérangés dans notre conversation.
directspeech	 On nous servira tout d'un coup, et nous ne serons pas dérangés dans notre conversation.
nondirect	 ¶ Une servante de cabaret apporta le déjeuner.
nondirect	 ¶ Avant que la porte fût fermée, Rodolphe vit le charbonnier Murph gravement attablé dans un cabinet voisin.
nondirect	 ¶ La chambre où se passait la scène que nous décrivons était longue, étroite, et éclairée par une fenêtre qui donnait sur la rue et faisait face à la porte.
nondirect	 ¶ La Chouette tournait le dos à cette croisée, le Maître d'école était d'un côté de la table, Rodolphe de l'autre.
nondirect	 ¶ La servante sortie, le brigand se leva, prit son couvert et alla s'asseoir à côté de Rodolphe de façon à lui masquer la porte.
directspeech	 ¶ -- Nous causerons mieux
directspeech	, dit-il, et nous n'aurons pas besoin de parler si haut...
directspeech	 ¶ -- Et puis vous voulez vous mettre entre la porte et moi pour m'empêcher de sortir...
nondirect	, répliqua froidement Rodolphe.
nondirect	 ¶ Le Maître d'école fit un signe affirmatif ; puis, tirant à demi de la poche de côté de sa redingote un long stylet rond et gros comme une forte plume d'oie, emmanché dans une poignée de bois qui disparaissait sous ses doigts velus : ¶ 
directspeech	-- Vous voyez ça ?...
directspeech	...
directspeech	 ¶ -- Oui.
directspeech	 ¶ -- Avis aux amateurs.
nondirect	 ¶ Et, fronçant ses sourcils par un mouvement qui rida son front large et plat comme celui d'un tigre, il fit un geste significatif.
directspeech	 ¶ -- Et fiez-vous à moi. J'ai affilé le surin(75) de mon homme
directspeech	 J'ai affilé le surin(75) de mon homme
nondirect	, ajouta la Chouette.
nondirect	 ¶ Rodolphe, avec une merveilleuse aisance, mit la main sous sa blouse, et en tira un pistolet à deux coups, le fit voir au Maître d'école et le remit dans sa poche.
directspeech	 ¶ -- Nous sommes faits pour nous entendre
directspeech	, dit le brigand ; mais vous ne m'entendez pas... Je vais supposer l'impossible... Si on venait m'arrêter, que vous m'ayez ou non tendu la souricière... je vous refroidirais !
nondirect	 ¶ Et il jeta un regard féroce sur Rodolphe.
directspeech	 ¶ -- Tandis que moi je saute sur lui, pour t'aider, Fourline !
nondirect	 s'écria la Chouette.
nondirect	 ¶ Rodolphe ne répondit rien, haussa les épaules, se versa un verre de vin et le but.
nondirect	 ¶ Ce sang-froid imposa au Maître d'école.
directspeech	 ¶ -- Je vous prévenais seulement.
directspeech	 ¶ -- Bien, bien ! renfoncez votre lardoire dans votre poche, il n'y a pas ici de poulet à larder. Je suis un vieux coq, et j'ai de bons ergots, mon homme
directspeech	 renfoncez votre lardoire dans votre poche, il n'y a pas ici de poulet à larder. Je suis un vieux coq, et j'ai de bons ergots, mon homme
directspeech	 Je suis un vieux coq, et j'ai de bons ergots, mon homme
nondirect	, dit Rodolphe.
directspeech	 Maintenant, parlons affaires...
directspeech	 ¶ -- Parlons affaires... mais ne dites pas de mal de ma lardoire. Ça ne fait pas de bruit, ça ne dérange personne...
directspeech	 Ça ne fait pas de bruit, ça ne dérange personne...
directspeech	 ¶ -- Et on fait de l'ouvrage bien propre, n'est-ce pas, Fourline ?
nondirect	 ajouta la Chouette.
directspeech	 ¶ -- À propos, dit Rodolphe à la Chouette, est-ce que c'est vrai que vous connaissez les parents de la Goualeuse ?
directspeech	 ¶ -- Mon homme a mis dans le portefeuille du grand messière en noir deux lettres qui parlent de ça... Mais elle ne les verra pas, la petite gironde... Je lui arracherais plutôt les yeux de ma propre main... Oh ! quand je la retrouverai au tapis-franc, son compte sera bon...
directspeech	 quand je la retrouverai au tapis-franc, son compte sera bon...
directspeech	 ¶ -- Ah çà ! Finette, nous parlons, nous parlons, et les affaires ne marchent pas.
directspeech	 Finette, nous parlons, nous parlons, et les affaires ne marchent pas.
directspeech	 ¶ -- On peut jaspiner devant elle ?
nondirect	 demanda Rodolphe.
directspeech	 ¶ -- En toute confiance ; elle est éprouvée et pourra nous être d'un grand secours pour faire le guet, prendre des informations, receler, vendre, etc. ; elle a toutes les qualités d'une excellente femme de ménage... Bonne Finette !
directspeech	 ajouta le brigand en tendant la main à l'horrible vieille, vous n'avez pas d'idée des services qu'elle m'a rendus... Mais si tu ôtais ton châle, Finette, tu pourrais avoir froid en sortant... mets-le sur la chaise avec ton cabas...
nondirect	 ¶ La Chouette se débarrassa de son châle.
nondirect	 ¶ Malgré sa présence d'esprit et l'empire qu'il avait sur lui-même, Rodolphe ne put retenir un mouvement de surprise en voyant, suspendu par un anneau d'argent à une grosse chaîne de similor que la vieille avait au cou, un petit saint-esprit de lapis-lazuli, en tout conforme à la description de celui que le fils de Mme Georges portait à son cou lors de sa disparition.
nondirect	 ¶ À cette découverte, une idée subite vint à l'esprit de Rodolphe.
nondirect	 Selon le Chourineur, le Maître d'école, évadé du bagne depuis six mois, avait mis en défaut toutes les recherches de la police en se défigurant... et depuis six mois le mari de Mme Georges avait disparu du bagne, sans qu'on sût ce qu'il était devenu.
nondirect	 ¶ À cet étrange rapprochement, Rodolphe songea que le Maître d'école pouvait bien être le mari de cette infortunée.
nondirect	 ¶ Ce misérable avait appartenu à la classe aisée de la société... et le Maître d'école s'exprimait en termes choisis.
nondirect	 ¶ Un souvenir en éveille un autre : Rodolphe se rappela encore que Mme Georges lui ayant un jour raconté, en frémissant, l'arrestation de son mari, parla de la résistance désespérée de ce monstre, qui fut sur le point de s'échapper, grâce à sa force herculéenne... ¶ Si ce brigand était le mari de Mme Georges, il devait connaître le sort de son fils.
nondirect	 De plus, le Maître d'école conservait quelques papiers relatifs à la naissance de la Goualeuse dans le portefeuille volé par lui sur l'étranger connu sous le nom de Tom.
nondirect	 ¶ Rodolphe avait donc de nouveaux et graves motifs de persévérer dans ses projets.
nondirect	 ¶ Heureusement sa préoccupation échappa au brigand, fort occupé de servir la Chouette.
nondirect	 ¶ Rodolphe dit à la borgnesse : ¶ 
directspeech	-- Morbleu !... vous avez là une belle chaîne...
directspeech	... vous avez là une belle chaîne...
directspeech	 ¶ -- Belle... et pas chère...
nondirect	, dit en riant la vieille.
directspeech	 C'est du faux orient, en attendant que mon homme m'en donne une de vrai...
directspeech	 ¶ -- Cela dépendra de monsieur, Finette... si nous faisons une bonne affaire, sois tranquille.
directspeech	 ¶ -- C'est étonnant comme c'est bien imité
nondirect	, poursuivit Rodolphe.
directspeech	 Et au bout... qu'est-ce donc que cette petite chose bleue ?
directspeech	 ¶ -- C'est un cadeau de mon homme, en attendant qu'il me donne une toquante... n'est-ce pas, Fourline ?
nondirect	 ¶ Rodolphe voyait ses soupçons à demi confirmés.
nondirect	 Il attendait avec anxiété la réponse du Maître d'école.
nondirect	 Celui-ci répondit tout en mangeant : ¶ 
directspeech	-- Et il faudra garder ça malgré la toquante, Finette... c'est un talisman... ça porte bonheur.
directspeech	 ¶ -- Un talisman ?
nondirect	 dit négligemment Rodolphe.
directspeech	 Vous croyez aux talismans, vous ? Et où diable avez-vous trouvé celui-là ?... Donnez-moi donc l'adresse de la fabrique.
directspeech	 Et où diable avez-vous trouvé celui-là ?... Donnez-moi donc l'adresse de la fabrique.
directspeech	... Donnez-moi donc l'adresse de la fabrique.
directspeech	 ¶ -- On n'en fait plus, mon cher monsieur, la boutique est fermée... Tel que vous le voyez, ce bijou-là remonte à une haute antiquité... à trois générations... J'y tiens beaucoup, c'est une tradition de famille
nondirect	, ajouta-t-il avec un hideux sourire.
directspeech	 C'est pour cela que je l'ai donné à Finette... pour lui porter bonheur dans les entreprises où elle me seconde avec beaucoup d'habileté... Vous la verrez à l'ouvrage, vous la verrez... si nous faisons ensemble quelque opération commerciale... Mais, pour en revenir à nos moutons... vous dites donc que dans l'allée des Veuves...
directspeech	 ¶ -- Il y a, numéro 17, une maison habitée par un richard... il s'appelle... monsieur...
directspeech	 ¶ -- Je ne commettrai pas l'indiscrétion de demander son nom... Il y a, dites-vous, soixante mille francs en or dans un cabinet ?
directspeech	 ¶ -- Soixante mille francs en or !
nondirect	 s'écria la Chouette.
nondirect	 ¶ Rodolphe fit un signe de tête affirmatif.
directspeech	 ¶ -- Et vous connaissez les êtres de cette maison ?
nondirect	 dit le Maître d'école.
directspeech	 ¶ -- Très-bien.
directspeech	 ¶ -- Et l'entrée est difficile ?
directspeech	 ¶ -- Un mur de sept pieds du côté de l'allée des Veuves, un jardin, les fenêtres de plain-pied, la maison n'a qu'un rez-de-chaussée.
directspeech	 ¶ -- Et il n'y a qu'un portier pour garder ce trésor ?
directspeech	 ¶ -- Oui !
directspeech	 ¶ -- Et quel serait votre plan de campagne, jeune homme ?
nondirect	 demanda négligemment le Maître d'école.
directspeech	 ¶ -- C'est tout simple... Monter par-dessus le mur, crocheter la porte de la maison ou forcer les volets en dehors.
directspeech	 ¶ -- Et si le portier s'éveille ?
nondirect	 dit le Maître d'école en regardant fixement le jeune homme.
directspeech	 ¶ -- Ce sera de sa faute
nondirect	, dit celui-ci avec un... geste significatif.
directspeech	 Eh bien ! ça vous convient-il ?
directspeech	 ça vous convient-il ?
directspeech	 ¶ -- Vous sentez bien que je ne puis pas vous répondre avant d'avoir tout examiné par moi-même, c'est-à-dire avec l'aide de ma femme ; mais si tout ce que vous me dites est exact, cela me semble bon à prendre tout chaud... ce soir.
nondirect	 ¶ Et le brigand regarda fixement Rodolphe.
directspeech	 ¶ -- Ce soir... impossible
nondirect	, répondit froidement celui-ci.
directspeech	 ¶ -- Pourquoi, puisque le bourgeois ne revient qu'après-demain ?
directspeech	 ¶ -- Oui, mais moi, je ne puis pas ce soir...
directspeech	 ¶ -- Vraiment ? Eh bien ! moi, je ne puis pas demain.
directspeech	 Eh bien ! moi, je ne puis pas demain.
directspeech	 moi, je ne puis pas demain.
directspeech	 ¶ -- Pour quelle raison ?
directspeech	 ¶ -- Pour celle qui vous empêche d'agir ce soir...
nondirect	, dit le brigand en ricanant.
nondirect	 ¶ Après un moment de réflexion, Rodolphe reprit : ¶ 
directspeech	-- Eh bien ! à la bonne heure... va pour ce soir. Où nous retrouverons-nous ?
directspeech	 à la bonne heure... va pour ce soir. Où nous retrouverons-nous ?
directspeech	 Où nous retrouverons-nous ?
directspeech	 ¶ -- Nous retrouver ? Nous ne nous quitterons pas
directspeech	 Nous ne nous quitterons pas
nondirect	, dit le Maître d'école.
directspeech	 ¶ -- Comment ?
directspeech	 ¶ -- À quoi bon nous quitter ? Si le temps s'éclaircit un peu, nous irons en nous promenant donner un coup d'œil jusqu'à l'allée des Veuves ; vous verrez comment ma femme sait travailler. Ceci fait, nous reviendrons faire un cent de piquet et manger un morceau dans une cave des Champs-Élysées... que je connais... tout près de la rivière ; et, comme l'allée des Veuves est déserte de bonne heure, nous nous y acheminerons vers les dix heures.
directspeech	 Si le temps s'éclaircit un peu, nous irons en nous promenant donner un coup d'œil jusqu'à l'allée des Veuves ; vous verrez comment ma femme sait travailler. Ceci fait, nous reviendrons faire un cent de piquet et manger un morceau dans une cave des Champs-Élysées... que je connais... tout près de la rivière ; et, comme l'allée des Veuves est déserte de bonne heure, nous nous y acheminerons vers les dix heures.
directspeech	 Ceci fait, nous reviendrons faire un cent de piquet et manger un morceau dans une cave des Champs-Élysées... que je connais... tout près de la rivière ; et, comme l'allée des Veuves est déserte de bonne heure, nous nous y acheminerons vers les dix heures.
directspeech	 ¶ -- Moi, à neuf heures, je vous rejoindrai.
directspeech	 ¶ -- Voulez-vous ou non faire l'affaire ensemble ?
directspeech	 ¶ -- Je le veux.
directspeech	 ¶ -- Eh bien ! ne nous quittons pas avant ce soir... sinon...
directspeech	 ne nous quittons pas avant ce soir... sinon...
directspeech	 ¶ -- Sinon ?
directspeech	 ¶ -- Je croirais que vous voulez me donner un pont à faucher(76), et que c'est pour ça que vous voulez vous en aller...
directspeech	 ¶ -- Si je veux vous tendre un piège... qui m'empêche de vous le tendre ce soir ?
directspeech	 ¶ -- Tout... Vous ne vous attendiez pas à ce que je vous proposerais l'affaire si tôt. Et, en ne nous quittant pas, vous ne pourrez prévenir personne...
directspeech	 Et, en ne nous quittant pas, vous ne pourrez prévenir personne...
directspeech	 ¶ -- Vous vous défiez de moi ?...
directspeech	...
directspeech	 ¶ -- Infiniment... mais comme il peut y avoir du vrai dans ce que vous m'offrez, et que la moitié de soixante mille francs vaut la peine d'une démarche... je veux bien la tenter ; mais ce soir ou jamais... Si ce n'est jamais, je saurai à quoi m'en tenir sur vous... et je vous servirai à mon tour... un jour ou l'autre, un plat de mon métier...
directspeech	 ¶ -- Et je vous rendrai votre politesse... comptez-y.
directspeech	 ¶ -- Tout ça, c'est des bêtises !
nondirect	 dit la Chouette.
directspeech	 Je pense comme Fourline : ce soir, ou rien.
nondirect	 ¶ Rodolphe se trouvait dans une anxiété cruelle : s'il laissait échapper cette occasion de s'emparer du Maître d'école, il ne la retrouverait sans doute jamais ; ce brigand, désormais sur ses gardes, ou peut-être reconnu, arrêté et reconduit au bagne, emporterait avec lui les secrets que Rodolphe avait tant d'intérêt à savoir.
nondirect	 ¶ Se confiant au hasard, à son adresse et à son courage, il dit au Maître d'école : ¶ 
directspeech	-- J'y consens, nous ne nous quitterons pas d'ici à ce soir.
directspeech	 ¶ -- Alors, je suis votre homme... Mais voici bientôt deux heures... D'ici à l'allée des Veuves il y a loin ; il pleut à verse ; payons l'écot, et prenons un fiacre.
directspeech	 ¶ -- Si nous prenons un fiacre, je pourrai bien auparavant fumer un cigare.
directspeech	 ¶ -- Sans doute,
directspeech	 dit le Maître d'école, Finette ne craint pas l'odeur du tabac.
directspeech	 ¶ -- Eh bien ! je vais aller chercher des cigares
directspeech	 je vais aller chercher des cigares
nondirect	, dit Rodolphe en se levant.
directspeech	 ¶ -- Ne vous donnez pas cette peine,
directspeech	 dit le Maître d'école, en l'arrêtant, Finette ira...
nondirect	 ¶ Rodolphe se rassit.
nondirect	 ¶ Le Maître d'école avait pénétré son dessein.
nondirect	 ¶ La Chouette sortit.
directspeech	 ¶ -- Quelle bonne ménagère j'ai là, hein !
directspeech	 dit le scélérat, et si complaisante ! Elle se jetterait dans le feu pour moi.
directspeech	 Elle se jetterait dans le feu pour moi.
directspeech	 ¶ -- À propos de feu, il ne fait mordieu pas chaud ici
nondirect	, dit, Rodolphe en cachant ses deux mains sous sa blouse.
nondirect	 ¶ Alors, tout en continuant la conversation avec le Maître d'école, il prit un crayon et un morceau de papier dans la poche de son gilet, et, sans qu'on pût l'apercevoir, il écrivit quelques mots à la hâte, ayant soin d'écarter les lettres pour ne pas les confondre, car il écrivait sous sa blouse et sans y voir.
nondirect	 ¶ Ce billet soustrait à la pénétration du Maître d'école, il s'agissait de le faire parvenir à son adresse.
nondirect	 ¶ Rodolphe se leva, s'approcha machinalement de la fenêtre et se mit à chantonner entre ses dents en s'accompagnant sur les vitres.
nondirect	 ¶ Le Maître d'école vint regarder par cette croisée et dit négligemment à Rodolphe : ¶ 
directspeech	-- Quel air jouez-vous donc là ?
directspeech	 ¶ -- Je joue... Tu n'auras pas ma rose.
directspeech	 ¶ -- C'est un très-joli air... Je voulais seulement voir s'il ferait assez d'effet sur les passants pour les engager à se retourner.
directspeech	 ¶ -- Je n'ai pas cette prétention-là.
directspeech	 ¶ -- Vous avez tort, jeune homme ; car vous tambouriniez de première force sur les carreaux. Mais, j'y songe... le gardien de cette maison de l'allée des Veuves est peut-être un gaillard déterminé... S'il regimbe... vous n'avez qu'un pistolet... et c'est bien bruyant, tandis qu'un outil comme cela (et il fit voir à Rodolphe le manche de son poignard) ça ne fait pas de tapage... ça ne dérange personne...
directspeech	 Mais, j'y songe... le gardien de cette maison de l'allée des Veuves est peut-être un gaillard déterminé... S'il regimbe... vous n'avez qu'un pistolet... et c'est bien bruyant, tandis qu'un outil comme cela (et il fit voir à Rodolphe le manche de son poignard) ça ne fait pas de tapage... ça ne dérange personne...
directspeech	 ¶ -- Est-ce que vous prétendriez l'assassiner ?
nondirect	 s'écria Rodolphe.
directspeech	 Si vous êtes dans ces idées-là... n'y pensons plus... il n'y a rien de fait... ne comptez pas sur moi...
directspeech	 ¶ -- Mais s'il s'éveille ?
directspeech	 ¶ -- Nous nous sauverons...
directspeech	 ¶ -- À la bonne heure, je vous avais mal compris ; il vaut mieux convenir de tout... avant... Ainsi il s'agira d'un simple vol avec escalade et effraction...
directspeech	 ¶ -- Rien de plus...
directspeech	 ¶ -- Va comme il est dit...
special	 ¶ « Et comme je ne te quitterai pas d'une seconde,
special	 pensa Rodolphe, je t'empêcherai bien de répandre le sang. »
nondirect	 ¶ Le vieux curé, pensif, recueilli, la tête basse et les coudes appuyés sur ses genoux, étendait machinalement devant le foyer ses deux mains tremblantes.
nondirect	 ¶ Mme Georges, occupée d'un travail de couture, regardait l'abbé de temps à autre et paraissait attendre qu'il lui répondît.
nondirect	 ¶ Après un moment de silence : ¶ 
directspeech	-- Vous avez raison, madame Georges, il faudra prévenir M. Rodolphe ; s'il interroge Marie, elle lui est si reconnaissante qu'elle avouera peut-être à son bienfaiteur ce qu'elle nous cache...
directspeech	 ¶ -- N'est-il pas vrai, monsieur le curé ? Alors, ce soir même j'écrirai à l'adresse qu'il m'a donnée, allée des Veuves...
directspeech	 Alors, ce soir même j'écrirai à l'adresse qu'il m'a donnée, allée des Veuves...
directspeech	 ¶ -- Pauvre enfant !
directspeech	 reprit l'abbé ; elle devrait se trouver si heureuse... Quel chagrin peut donc la miner à cette heure ?
directspeech	 ¶ -- Rien ne la peut distraire de cette tristesse, monsieur le curé... pas même l'application qu'elle met à l'étude...
directspeech	 ¶ -- Elle a véritablement fait des progrès extraordinaires depuis le peu de temps que nous nous occupons de son éducation.
directspeech	 ¶ -- N'est-ce pas, monsieur l'abbé ? Apprendre à lire et à écrire presque couramment, et savoir assez compter pour m'aider à tenir les livres de la ferme ! Et puis cette chère petite me seconde si activement en toutes choses que j'en suis à la fois touchée et émerveillée. Ne s'est-elle pas, presque malgré moi, fatiguée de manière à m'inquiéter sur sa santé ?
directspeech	 Apprendre à lire et à écrire presque couramment, et savoir assez compter pour m'aider à tenir les livres de la ferme ! Et puis cette chère petite me seconde si activement en toutes choses que j'en suis à la fois touchée et émerveillée. Ne s'est-elle pas, presque malgré moi, fatiguée de manière à m'inquiéter sur sa santé ?
directspeech	 Et puis cette chère petite me seconde si activement en toutes choses que j'en suis à la fois touchée et émerveillée. Ne s'est-elle pas, presque malgré moi, fatiguée de manière à m'inquiéter sur sa santé ?
directspeech	 Ne s'est-elle pas, presque malgré moi, fatiguée de manière à m'inquiéter sur sa santé ?
directspeech	 ¶ -- Heureusement ce médecin nègre nous a rassurés sur les suites de cette toux légère qui nous effrayait.
directspeech	 ¶ -- Il est si bon, ce M. David ! Il s'intéressait tant à elle ! Mon Dieu, comme tous ceux qui la connaissent. Ici, chacun la chérit et la respecte. Cela n'est pas étonnant, puisque, grâce aux vues généreuses et élevées de M. Rodolphe, les gens de cette métairie sont l'élite des meilleurs sujets du pays. Mais les êtres les plus grossiers, les plus indifférents, ressentiraient l'attrait de cette douceur à la fois angélique et craintive qui a toujours l'air de demander grâce. Malheureuse enfant ! Comme si elle était seule coupable !
directspeech	 Il s'intéressait tant à elle ! Mon Dieu, comme tous ceux qui la connaissent. Ici, chacun la chérit et la respecte. Cela n'est pas étonnant, puisque, grâce aux vues généreuses et élevées de M. Rodolphe, les gens de cette métairie sont l'élite des meilleurs sujets du pays. Mais les êtres les plus grossiers, les plus indifférents, ressentiraient l'attrait de cette douceur à la fois angélique et craintive qui a toujours l'air de demander grâce. Malheureuse enfant ! Comme si elle était seule coupable !
directspeech	 Mon Dieu, comme tous ceux qui la connaissent. Ici, chacun la chérit et la respecte. Cela n'est pas étonnant, puisque, grâce aux vues généreuses et élevées de M. Rodolphe, les gens de cette métairie sont l'élite des meilleurs sujets du pays. Mais les êtres les plus grossiers, les plus indifférents, ressentiraient l'attrait de cette douceur à la fois angélique et craintive qui a toujours l'air de demander grâce. Malheureuse enfant ! Comme si elle était seule coupable !
directspeech	 Ici, chacun la chérit et la respecte. Cela n'est pas étonnant, puisque, grâce aux vues généreuses et élevées de M. Rodolphe, les gens de cette métairie sont l'élite des meilleurs sujets du pays. Mais les êtres les plus grossiers, les plus indifférents, ressentiraient l'attrait de cette douceur à la fois angélique et craintive qui a toujours l'air de demander grâce. Malheureuse enfant ! Comme si elle était seule coupable !
directspeech	 Cela n'est pas étonnant, puisque, grâce aux vues généreuses et élevées de M. Rodolphe, les gens de cette métairie sont l'élite des meilleurs sujets du pays. Mais les êtres les plus grossiers, les plus indifférents, ressentiraient l'attrait de cette douceur à la fois angélique et craintive qui a toujours l'air de demander grâce. Malheureuse enfant ! Comme si elle était seule coupable !
directspeech	 Mais les êtres les plus grossiers, les plus indifférents, ressentiraient l'attrait de cette douceur à la fois angélique et craintive qui a toujours l'air de demander grâce. Malheureuse enfant ! Comme si elle était seule coupable !
directspeech	 Malheureuse enfant ! Comme si elle était seule coupable !
directspeech	 Comme si elle était seule coupable !
directspeech	 ¶ L'abbé reprit après quelques minutes de réflexions : ¶ -- Ne m'avez-vous pas dit que la tristesse de Marie datait pour ainsi dire du séjour que Mme Dubreuil, la fermière de M. le duc de Lucenay à Arnouville, avait fait ici, lors des fêtes de la Toussaint ?
directspeech	 ¶ -- Oui, monsieur le curé, j'ai cru le remarquer, et pourtant Mme Dubreuil, et surtout sa fille Clara, modèle de candeur et de bonté, ont subi comme tout le monde le charme de Marie ; toutes deux l'accablent journellement de marques d'amitié ; vous le savez, le dimanche nos amis d'Arnouville viennent ici, ou bien nous allons chez eux. Eh bien ! l'on dirait que chaque visite augmente la mélancolie de notre chère enfant, quoique Clara l'aime déjà comme une sœur.
directspeech	 Eh bien ! l'on dirait que chaque visite augmente la mélancolie de notre chère enfant, quoique Clara l'aime déjà comme une sœur.
directspeech	 l'on dirait que chaque visite augmente la mélancolie de notre chère enfant, quoique Clara l'aime déjà comme une sœur.
directspeech	 ¶ -- En vérité, madame Georges, c'est un mystère étrange. Quelle peut être la cause de ce chagrin caché ? Elle devrait se trouver si heureuse ! Entre sa vie présente et sa vie passée, il y a la différence de l'enfer au paradis. On ne saurait l'accuser d'ingratitude.
directspeech	 Quelle peut être la cause de ce chagrin caché ? Elle devrait se trouver si heureuse ! Entre sa vie présente et sa vie passée, il y a la différence de l'enfer au paradis. On ne saurait l'accuser d'ingratitude.
directspeech	 Elle devrait se trouver si heureuse ! Entre sa vie présente et sa vie passée, il y a la différence de l'enfer au paradis. On ne saurait l'accuser d'ingratitude.
directspeech	 Entre sa vie présente et sa vie passée, il y a la différence de l'enfer au paradis. On ne saurait l'accuser d'ingratitude.
directspeech	 On ne saurait l'accuser d'ingratitude.
directspeech	 ¶ -- Elle ! grand Dieu !... elle... si tendrement reconnaissante de nos soins ! Elle chez qui nous avons toujours trouvé des instincts d'une si rare délicatesse ! Cette pauvre petite ne fait-elle pas tout ce qu'elle peut afin de gagner pour ainsi dire sa vie ? Ne tâche-t-elle pas de compenser par les services qu'elle rend l'hospitalité qu'on lui donne ? Ce n'est pas tout ; excepté le dimanche, où j'exige qu'elle s'habille avec un peu de recherche pour m'accompagner à l'église, elle a voulu porter des vêtements aussi grossiers que ceux des filles de campagne, et malgré cela il existe en elle une distinction, une grâce si naturelles, qu'elle est encore charmante sous ces habits, n'est-ce pas, monsieur le curé ? ¶ 
directspeech	 grand Dieu !... elle... si tendrement reconnaissante de nos soins ! Elle chez qui nous avons toujours trouvé des instincts d'une si rare délicatesse ! Cette pauvre petite ne fait-elle pas tout ce qu'elle peut afin de gagner pour ainsi dire sa vie ? Ne tâche-t-elle pas de compenser par les services qu'elle rend l'hospitalité qu'on lui donne ? Ce n'est pas tout ; excepté le dimanche, où j'exige qu'elle s'habille avec un peu de recherche pour m'accompagner à l'église, elle a voulu porter des vêtements aussi grossiers que ceux des filles de campagne, et malgré cela il existe en elle une distinction, une grâce si naturelles, qu'elle est encore charmante sous ces habits, n'est-ce pas, monsieur le curé ? ¶ 
directspeech	... elle... si tendrement reconnaissante de nos soins ! Elle chez qui nous avons toujours trouvé des instincts d'une si rare délicatesse ! Cette pauvre petite ne fait-elle pas tout ce qu'elle peut afin de gagner pour ainsi dire sa vie ? Ne tâche-t-elle pas de compenser par les services qu'elle rend l'hospitalité qu'on lui donne ? Ce n'est pas tout ; excepté le dimanche, où j'exige qu'elle s'habille avec un peu de recherche pour m'accompagner à l'église, elle a voulu porter des vêtements aussi grossiers que ceux des filles de campagne, et malgré cela il existe en elle une distinction, une grâce si naturelles, qu'elle est encore charmante sous ces habits, n'est-ce pas, monsieur le curé ? ¶ 
directspeech	 Elle chez qui nous avons toujours trouvé des instincts d'une si rare délicatesse ! Cette pauvre petite ne fait-elle pas tout ce qu'elle peut afin de gagner pour ainsi dire sa vie ? Ne tâche-t-elle pas de compenser par les services qu'elle rend l'hospitalité qu'on lui donne ? Ce n'est pas tout ; excepté le dimanche, où j'exige qu'elle s'habille avec un peu de recherche pour m'accompagner à l'église, elle a voulu porter des vêtements aussi grossiers que ceux des filles de campagne, et malgré cela il existe en elle une distinction, une grâce si naturelles, qu'elle est encore charmante sous ces habits, n'est-ce pas, monsieur le curé ? ¶ 
directspeech	 Cette pauvre petite ne fait-elle pas tout ce qu'elle peut afin de gagner pour ainsi dire sa vie ? Ne tâche-t-elle pas de compenser par les services qu'elle rend l'hospitalité qu'on lui donne ? Ce n'est pas tout ; excepté le dimanche, où j'exige qu'elle s'habille avec un peu de recherche pour m'accompagner à l'église, elle a voulu porter des vêtements aussi grossiers que ceux des filles de campagne, et malgré cela il existe en elle une distinction, une grâce si naturelles, qu'elle est encore charmante sous ces habits, n'est-ce pas, monsieur le curé ? ¶ 
directspeech	 Ne tâche-t-elle pas de compenser par les services qu'elle rend l'hospitalité qu'on lui donne ? Ce n'est pas tout ; excepté le dimanche, où j'exige qu'elle s'habille avec un peu de recherche pour m'accompagner à l'église, elle a voulu porter des vêtements aussi grossiers que ceux des filles de campagne, et malgré cela il existe en elle une distinction, une grâce si naturelles, qu'elle est encore charmante sous ces habits, n'est-ce pas, monsieur le curé ? ¶ 
directspeech	 Ce n'est pas tout ; excepté le dimanche, où j'exige qu'elle s'habille avec un peu de recherche pour m'accompagner à l'église, elle a voulu porter des vêtements aussi grossiers que ceux des filles de campagne, et malgré cela il existe en elle une distinction, une grâce si naturelles, qu'elle est encore charmante sous ces habits, n'est-ce pas, monsieur le curé ? ¶ 
directspeech	 ¶ 
directspeech	-- Ah ! que je reconnais bien là l'orgueil maternel !
directspeech	 que je reconnais bien là l'orgueil maternel !
nondirect	 dit le vieux prêtre en souriant.
nondirect	 ¶ À ces mots, les yeux de Mme Georges se remplirent de larmes : elle pensait à son fils.
nondirect	 ¶ L'abbé devina la cause de son émotion et lui dit : ¶ 
directspeech	-- Courage ! Dieu vous a envoyé cette pauvre enfant pour vous aider à attendre le moment où vous retrouverez votre fils. Et puis un lien sacré vous attachera bientôt à Marie : une marraine, lorsqu'elle comprend bien sa mission, c'est presque une mère. Quant à M. Rodolphe, il lui a donné, pour ainsi dire, la vie de l'âme en la retirant de l'abîme... d'avance il a rempli ses devoirs de parrain.
directspeech	 Dieu vous a envoyé cette pauvre enfant pour vous aider à attendre le moment où vous retrouverez votre fils. Et puis un lien sacré vous attachera bientôt à Marie : une marraine, lorsqu'elle comprend bien sa mission, c'est presque une mère. Quant à M. Rodolphe, il lui a donné, pour ainsi dire, la vie de l'âme en la retirant de l'abîme... d'avance il a rempli ses devoirs de parrain.
directspeech	 Et puis un lien sacré vous attachera bientôt à Marie : une marraine, lorsqu'elle comprend bien sa mission, c'est presque une mère. Quant à M. Rodolphe, il lui a donné, pour ainsi dire, la vie de l'âme en la retirant de l'abîme... d'avance il a rempli ses devoirs de parrain.
directspeech	 Quant à M. Rodolphe, il lui a donné, pour ainsi dire, la vie de l'âme en la retirant de l'abîme... d'avance il a rempli ses devoirs de parrain.
directspeech	 ¶ -- La trouvez-vous suffisamment instruite pour lui accorder ce sacrement, que l'infortunée n'a sans doute pas encore reçu ?
directspeech	 ¶ -- Tout à l'heure en m'en retournant avec elle au presbytère, je la préviendrai que cette cérémonie se fera probablement dans quinze jours.
directspeech	 ¶ -- Peut-être, monsieur le curé, présiderez-vous un jour une autre cérémonie aussi bien douce et bien grave...
directspeech	 ¶ -- Que voulez-vous dire ?
directspeech	 ¶ -- Si Marie était aimée autant qu'elle le mérite, si elle distinguait un brave et honnête homme, pourquoi ne se marierait-elle pas ?
directspeech	 ¶ L'abbé secoua tristement la tête et répondit : ¶ -- La marier ! Songez-y donc, madame Georges, la vérité ordonnera de tout dire à celui qui voudrait épouser Marie... Et quel homme, malgré ma caution et la vôtre, affronterait le passé qui a souillé la jeunesse de cette malheureuse enfant ! Personne ne voudra d'elle.
directspeech	 Songez-y donc, madame Georges, la vérité ordonnera de tout dire à celui qui voudrait épouser Marie... Et quel homme, malgré ma caution et la vôtre, affronterait le passé qui a souillé la jeunesse de cette malheureuse enfant ! Personne ne voudra d'elle.
directspeech	 Personne ne voudra d'elle.
directspeech	 ¶ -- Mais M. Rodolphe est si généreux ! Il fera pour sa protégée plus qu'il n'a fait encore... Une dot...
directspeech	 Il fera pour sa protégée plus qu'il n'a fait encore... Une dot...
directspeech	 ¶ -- Hélas
directspeech	 dit le curé en interrompant Mme Georges, malheur à Marie, si la cupidité doit seule apaiser les scrupules de celui qui l'épousera ! Elle serait vouée au sort le plus pénible ; de cruelles récriminations suivraient bientôt une telle union.
directspeech	 Elle serait vouée au sort le plus pénible ; de cruelles récriminations suivraient bientôt une telle union.
directspeech	 ¶ -- Vous avez raison, monsieur l'abbé, cela serait horrible. Ah ! quel malheureux avenir lui est donc réservé !
directspeech	 Ah ! quel malheureux avenir lui est donc réservé !
directspeech	 quel malheureux avenir lui est donc réservé !
directspeech	 ¶ -- Elle a de grandes fautes à expier
nondirect	, dit gravement le curé.
directspeech	 ¶ -- Mon Dieu ! monsieur l'abbé, abandonnée si jeune, sans ressources, sans appui, presque sans notions du bien et du mal, entraînée malgré elle dans la voie du vice comment n'aurait-elle pas failli ?
directspeech	 monsieur l'abbé, abandonnée si jeune, sans ressources, sans appui, presque sans notions du bien et du mal, entraînée malgré elle dans la voie du vice comment n'aurait-elle pas failli ?
directspeech	 ¶ -- Le bon sens moral aurait dû la soutenir, l'éclairer ; et d'ailleurs a-t-elle tâché d'échapper à cet horrible sort ? Les âmes charitables sont-elles donc si rares à Paris ?
directspeech	 Les âmes charitables sont-elles donc si rares à Paris ?
directspeech	 ¶ -- Non, sans doute ; mais où aller les chercher ? Avant que d'en découvrir une, que de refus, que d'indifférence ! Et puis, pour Marie il ne s'agissait pas d'une aumône passagère, mais d'un intérêt continu qui l'eût mise à même de gagner honorablement sa vie... Bien des mères sans doute auraient eu pitié d'elle, mais il fallait avoir le bonheur de les rencontrer. Ah ! croyez-moi, j'ai connu la misère... À moins d'un hasard providentiel semblable à celui qui, hélas ! trop tard, a fait connaître Marie à M. Rodolphe ; à moins, dis-je, d'un de ces hasards, les malheureux, presque toujours brutalement repoussés à leurs premières demandes, croient la pitié introuvable, et pressés par la faim... la faim si impérieuse, ils cherchent souvent dans le vice des ressources qu'ils désespèrent d'obtenir dans la commisération.
directspeech	 Avant que d'en découvrir une, que de refus, que d'indifférence ! Et puis, pour Marie il ne s'agissait pas d'une aumône passagère, mais d'un intérêt continu qui l'eût mise à même de gagner honorablement sa vie... Bien des mères sans doute auraient eu pitié d'elle, mais il fallait avoir le bonheur de les rencontrer. Ah ! croyez-moi, j'ai connu la misère... À moins d'un hasard providentiel semblable à celui qui, hélas ! trop tard, a fait connaître Marie à M. Rodolphe ; à moins, dis-je, d'un de ces hasards, les malheureux, presque toujours brutalement repoussés à leurs premières demandes, croient la pitié introuvable, et pressés par la faim... la faim si impérieuse, ils cherchent souvent dans le vice des ressources qu'ils désespèrent d'obtenir dans la commisération.
directspeech	 Et puis, pour Marie il ne s'agissait pas d'une aumône passagère, mais d'un intérêt continu qui l'eût mise à même de gagner honorablement sa vie... Bien des mères sans doute auraient eu pitié d'elle, mais il fallait avoir le bonheur de les rencontrer. Ah ! croyez-moi, j'ai connu la misère... À moins d'un hasard providentiel semblable à celui qui, hélas ! trop tard, a fait connaître Marie à M. Rodolphe ; à moins, dis-je, d'un de ces hasards, les malheureux, presque toujours brutalement repoussés à leurs premières demandes, croient la pitié introuvable, et pressés par la faim... la faim si impérieuse, ils cherchent souvent dans le vice des ressources qu'ils désespèrent d'obtenir dans la commisération.
directspeech	 Ah ! croyez-moi, j'ai connu la misère... À moins d'un hasard providentiel semblable à celui qui, hélas ! trop tard, a fait connaître Marie à M. Rodolphe ; à moins, dis-je, d'un de ces hasards, les malheureux, presque toujours brutalement repoussés à leurs premières demandes, croient la pitié introuvable, et pressés par la faim... la faim si impérieuse, ils cherchent souvent dans le vice des ressources qu'ils désespèrent d'obtenir dans la commisération.
directspeech	 croyez-moi, j'ai connu la misère... À moins d'un hasard providentiel semblable à celui qui, hélas ! trop tard, a fait connaître Marie à M. Rodolphe ; à moins, dis-je, d'un de ces hasards, les malheureux, presque toujours brutalement repoussés à leurs premières demandes, croient la pitié introuvable, et pressés par la faim... la faim si impérieuse, ils cherchent souvent dans le vice des ressources qu'ils désespèrent d'obtenir dans la commisération.
directspeech	 trop tard, a fait connaître Marie à M. Rodolphe ; à moins, dis-je, d'un de ces hasards, les malheureux, presque toujours brutalement repoussés à leurs premières demandes, croient la pitié introuvable, et pressés par la faim... la faim si impérieuse, ils cherchent souvent dans le vice des ressources qu'ils désespèrent d'obtenir dans la commisération.
nondirect	 ¶ À ce moment, la Goualeuse entra dans le salon.
directspeech	 ¶ -- D'où venez-vous, mon enfant ?
nondirect	 lui demanda Mme Georges avec intérêt.
directspeech	 ¶ -- De visiter le fruitier, madame, après avoir fermé les portes de la basse-cour. Les fruits sont très-bien conservés, sauf quelques-uns que j'ai ôtés.
directspeech	 Les fruits sont très-bien conservés, sauf quelques-uns que j'ai ôtés.
directspeech	 ¶ -- Pourquoi n'avez-vous pas dit à Claudine de faire cette besogne, Marie ? Vous vous serez encore fatiguée.
directspeech	 Vous vous serez encore fatiguée.
directspeech	 ¶ -- Non, non, madame, je me plais tant dans mon fruitier, cette bonne odeur de fruits mûrs est si douce !
directspeech	 ¶ -- Il faudra, monsieur le curé, que vous visitiez un jour le fruitier de Marie
nondirect	, dit Mme Georges.
directspeech	 Vous ne vous figurez pas avec quel goût elle l'a arrangé : des guirlandes de raisin séparent chaque espèce de fruits, et ceux-ci sont encore divisés en compartiments par des bordures de mousse.
directspeech	 ¶ -- Oh ! monsieur le curé, je suis sûre que vous serez content
directspeech	 monsieur le curé, je suis sûre que vous serez content
nondirect	, dit ingénument la Goualeuse.
directspeech	 Vous verrez comme la mousse fait un joli effet autour des pommes bien rouges ou des belles poires couleur d'or. Il y a surtout des pommes d'api qui sont si gentilles, qui ont de si charmantes couleurs roses et blanches qu'elles ont l'air de petites têtes de chérubins dans un nid de mousse verte
directspeech	 Il y a surtout des pommes d'api qui sont si gentilles, qui ont de si charmantes couleurs roses et blanches qu'elles ont l'air de petites têtes de chérubins dans un nid de mousse verte
nondirect	, ajouta la jeune fille avec l'exaltation de l'artiste pour son œuvre.
nondirect	 ¶ Le curé regarda Mme Georges en souriant et dit à Fleur-de-Marie : ¶ 
directspeech	-- J'ai admiré la laiterie que vous dirigez, mon enfant ; elle ferait l'envie de la ménagère la plus difficile ; un de ces jours j'irai aussi admirer votre fruitier, et ces belles pommes rouges, et ces belles poires couleur d'or, et surtout ces jolies pommes-chérubins dans leur lit de mousse. Mais voici le soleil tout à l'heure couché ; vous n'aurez que le temps de me conduire au presbytère et de revenir ici avant la nuit... Prenez votre mante et partons, mon enfant... Mais au fait, j'y songe, le froid est bien vif ; restez, quelqu'un de la ferme m'accompagnera.
directspeech	 Mais voici le soleil tout à l'heure couché ; vous n'aurez que le temps de me conduire au presbytère et de revenir ici avant la nuit... Prenez votre mante et partons, mon enfant... Mais au fait, j'y songe, le froid est bien vif ; restez, quelqu'un de la ferme m'accompagnera.
directspeech	 ¶ -- Ah ! monsieur le curé, vous la rendriez malheureuse
directspeech	 monsieur le curé, vous la rendriez malheureuse
directspeech	, dit Mme Georges, elle est si contente de vous reconduire ainsi chaque soir !
directspeech	 ¶ -- Monsieur le curé,
directspeech	 ajouta la Goualeuse en levant sur le prêtre ses grands yeux bleus et timides, je croirais que vous n'êtes pas content de moi, si vous ne me permettiez pas de vous accompagner comme d'habitude.
directspeech	 ¶ -- Moi ? Pauvre enfant... prenez donc vite, vite, votre mante alors, et enveloppez-vous bien.
directspeech	 Pauvre enfant... prenez donc vite, vite, votre mante alors, et enveloppez-vous bien.
nondirect	 ¶ Fleur-de-Marie se hâta de jeter sur ses épaules une sorte de pelisse à capuchon en grosse étoffe de laine blanchâtre bordée d'un ruban de velours noir et offrit son bras au curé.
directspeech	 ¶ -- Heureusement
directspeech	, dit celui-ci, qu'il n'y a pas loin et que la route est sûre...
directspeech	 ¶ -- Comme il est un peu plus tard aujourd'hui que les autres jours,
directspeech	 reprit Mme Georges, voulez-vous que quelqu'un de la ferme aille avec vous, Marie ?
directspeech	 ¶ -- On me prendrait pour une peureuse...
nondirect	, dit Marie en souriant.
directspeech	 Merci, madame, ne dérangez personne pour moi ; il n'y a pas un quart d'heure de chemin d'ici au presbytère, je serai de retour avant la nuit.
directspeech	 ¶ -- Je n'insiste pas, car jamais, Dieu merci ! on n'a entendu parler de vagabonds dans ce pays.
directspeech	 on n'a entendu parler de vagabonds dans ce pays.
directspeech	 ¶ -- Sans cela, je n'accepterais pas le bras de cette chère enfant,
directspeech	 dit le curé, quoiqu'il me soit d'un grand secours.
nondirect	 ¶ Bientôt l'abbé quitta la ferme appuyé sur le bras de Fleur-de-Marie, qui réglait son pas léger sur la marche lente et pénible du vieillard.
nondirect	 ¶ Quelques minutes après, le prêtre et la Goualeuse arrivèrent auprès du chemin creux où étaient embusqués le Maître d'école, la Chouette et Tortillard.
