nondirect	 ¶ IV ¶ En sortant du Palais de Justice, la comtesse de Pommeuse était rentrée chez elle directement et elle y était rentrée seule.
nondirect	 ¶ Elle n'avait pas voulu que Maxime de Chalandrey l'accompagnât, quoiqu'il eût beaucoup insisté pour la reconduire, et ils s'étaient séparés à la porte du cabinet du juge.
nondirect	 ¶ Elle supposait, non sans motif, qu'on allait la surveiller, et elle tenait à ne compromettre personne.
nondirect	 ¶ Peut-être aussi gardait-elle rancune à Maxime qui l'avait assez mal secondée devant le juge.
nondirect	 Elle comptait sur Maxime pour confondre le chef des assassins, et Maxime, qui ne l'avait pas reconnu, s'était borné à reprocher violemment au banquier Maubert de calomnier Lucien Croze.
nondirect	 ¶ Maxime était cependant plus excusable qu'elle qui n'avait pas eu assez d'énergie pour persister dans sa première déclaration contre un scélérat qui l'avait épargnée après le crime du pavillon.
nondirect	 ¶ L'affreux Maubert devait à la faiblesse de la pauvre comtesse d'avoir pu se retirer librement, alors que le magistrat qui l'interrogeait aurait dû l'envoyer tout droit au dépôt de la préfecture.
nondirect	 ¶ Il se pouvait qu'il ne perdît rien pour attendre, mais il était encore en état de nuire et de se venger de Lucien qui lui avait valu d'être appelé devant la justice.
nondirect	 ¶ Il aurait mieux fait de s'en prendre à lui-même qui s'était mal à propos avisé de le chasser et de le dénoncer pour complaire à Tévenec, dont les imprudences n'avaient pas peu contribué à le mettre dans l'embarras.
nondirect	 ¶ Mais les coquins ne raisonnent pas toujours juste.
nondirect	 ¶ Madame de Pommeuse était fondée à trembler pour le généreux garçon qu'elle aimait, qui l'aimait et qui était venu la délivrer rue Gazan.
nondirect	 ¶ Ce n'était pas sa faute, à lui, si Pigache et ses agents avaient envahi la maison avant que la comtesse eût le temps de fuir.
nondirect	 ¶ Elle aspirait à le revoir et elle n'osait pas aller rue des Dames, de peur d'être suivie.
nondirect	 ¶ Elle n'osait plus rien.
nondirect	 ¶ Elle se croyait perdue, alors qu'elle aurait dû se féliciter du résultat de son entrevue avec le juge d'instruction, puisque ce magistrat la mettait hors de cause dans l'affaire du crime du pavillon, et cela après avoir entendu sa confession complète.
nondirect	 ¶ Il semblait même disposé à ne pas s'occuper de ce frère contumace dont elle avait avoué la présence à Paris.
nondirect	 ¶ De sorte que, par le fait, la situation d'Octavie de Pommeuse, née Grelin, était plus nette et moins inquiétante, depuis qu'elle avait comparu devant la justice.
nondirect	 ¶ Elle n'avait plus rien à cacher, pas même l'origine de sa fortune, puisqu'elle était décidée à se dépouiller d'un bien mal acquis par son père.
nondirect	 ¶ Et, malgré tout, elle était la plus malheureuse des femmes.
nondirect	 ¶ Le passé l'accablait, l'avenir l'effrayait, et le présent n'était qu'un supplice.
nondirect	 ¶ Elle avait eu, en arrivant à son hôtel, le crève-cœur de s'apercevoir que ses gens la soupçonnaient.
nondirect	 ¶ Julie Granger s'était sincèrement réjouie de la revoir ; mais Julie Granger s'était abstenue de la questionner et la comtesse n'avait pas eu le courage de lui raconter son aventure.
nondirect	 ¶ La comtesse s'était enfermée dans sa chambre et elle y avait passé une nuit horrible, une nuit d'insomnie et de cauchemars, une de ces nuits qui vieillissent une femme en quelques heures.
nondirect	 ¶ Le matin seulement elle avait pu prendre un peu de repos ; elle se leva très tard et elle s'habilla lentement, comme on s'habille quand on n'attend rien de bon de la journée qui commence.
nondirect	 ¶ Et elle n'eut qu'à se regarder dans une glace pour constater que son charmant visage se ressentait cruellement des fatigues et des émotions de la veille.
directspeech	 ¶ -- Lucien ne m'aimera plus
nondirect	, murmura-t-elle.
nondirect	 ¶ Au fond, elle espérait bien que l'amour de ce brave et généreux garçon survivrait à cette nouvelle épreuve ; mais, dans la situation d'esprit où elle était, elle ne prévoyait que des malheurs.
nondirect	 ¶ Elle s'étonnait qu'il ne fût pas encore venu la rassurer et elle se demandait si le juge, se ravisant, n'avait pas fait appeler, pour l'interroger aussi, Lucien Croze, que M. Pigache avait pris sur lui de laisser en liberté, après l'avoir presque arrêté dans la maison de la rue Gazan.
nondirect	 ¶ Et elle n'avait là personne à qui parler de ses inquiétudes.
nondirect	 ¶ Julie Granger, après l'avoir revue, s'était empressée de regagner les hauteurs de la rue du Rocher, et la pauvre comtesse ne pouvait pas confier ses chagrins à sa femme de chambre.
nondirect	 ¶ C'est le supplice des riches d'être entourés de serviteurs indifférents ou suspects qui ne s'associent pas à leurs douleurs et qui ne songent qu'à surprendre leurs secrets.
nondirect	 ¶ Madame de Pommeuse ne se sentait pas le courage de rester dans cette incertitude qui la tuait, et après avoir longtemps hésité, elle résolut d'écrire à Odette, pour lui demander des nouvelles de Lucien.
nondirect	 ¶ Lucien avait dû raconter à sa sœur, sinon tout ce qui s'était passé, du moins une partie de ses aventures, et s'il lui avait dit qu'il s'était fiancé à la comtesse, Odette ne manquerait pas de répondre.
nondirect	 ¶ Peut-être même viendrait-elle à l'hôtel de l'avenue Marceau.
nondirect	 ¶ Et entre la jeune veuve et la jeune fille, l'accord serait bientôt fait.
nondirect	 ¶ Il ne s'agissait que de trouver quelqu'un de sûr pour porter la lettre qui n'arriverait pas assez vite par la poste, et madame de Pommeuse, qui se défiait maintenant de tous ses domestiques, pensa que le mieux serait d'envoyer tout simplement un commissionnaire en lui recommandant d'attendre la réponse.
nondirect	 ¶ La question était de savoir si ce messager médaillé trouverait mademoiselle Croze chez elle.
nondirect	 ¶ Assurément, elle ne travaillait plus au portrait de Maxime de Chalandrey, qu'un accident avait mis dans l'impossibilité de poser, depuis bien des jours.
nondirect	 ¶ Avait-elle repris la copie qu'elle exécutait au musée du Louvre ?
nondirect	 ¶ Madame de Pommeuse en était aux conjectures, mais pour se rappeler au souvenir d'Odette, elle n'avait pas le choix des moyens.
nondirect	 ¶ Elle écrivit donc, et elle y mit du temps, car la rédaction de ce billet ne laissait pas que de l'embarrasser, dans l'ignorance où elle était des intentions de la sœur, et même de celles du frère, car elle ne comptait plus qu'à demi sur les serments des hommes.
nondirect	 ¶ Elle en vint à bout cependant et vers trois heures, elle se décida à se mettre en quête elle-même du commissionnaire qu'elle voulait charger de la lettre.
nondirect	 ¶ Ce dérangement aurait pour effet d'empêcher ses gens de commenter sa façon de correspondre, et pour la réponse, elle donnerait à son messager l'ordre de la lui rapporter à un endroit désigné sur la place de l'Étoile, par exemple, à quatre heures et demie.
nondirect	 ¶ En attendant, la comtesse se proposait de passer chez son notaire, afin de s'entendre avec lui sur l'emploi qu'elle voulait faire de sa fortune... cette fortune qui lui venait de son père et qui lui pesait comme un remords.
nondirect	 ¶ Elle jugeait les sentiments de Lucien Croze d'après les siens, et elle ne doutait pas qu'il ne l'approuvât de préférer la pauvreté à la richesse venue d'une source impure.
nondirect	 ¶ Après avoir dit à sa femme de chambre qu'elle ne rentrerait qu'à l'heure du dîner, elle sortit de son hôtel et elle s'achemina vers l'angle de l'avenue Marceau où elle pensait trouver l'homme qu'elle cherchait.
nondirect	 ¶ Elle n'avait pas fait vingt pas qu'elle croisa une voiture de place qui venait en sens inverse et qui s'arrêta, aussitôt après l'avoir dépassée.
nondirect	 ¶ Madame de Pommeuse se retourna instinctivement et fut très étonnée de voir dans ce fiacre Maxime de Chalandrey.
nondirect	 ¶ Elle aurait certainement préféré voir Lucien Croze, mais Maxime n'était pas un ennemi et il apportait peut-être des nouvelles de la rue des Dames.
nondirect	 ¶ Elle l'attendit de pied ferme, quoique cette apparition l'eût beaucoup troublée.
directspeech	 ¶ -- J'allais chez vous
nondirect	, lui dit Maxime, en l'abordant.
directspeech	 ¶ -- Vous auriez pu venir plus tôt
nondirect	, murmura la comtesse.
directspeech	 ¶ -- Vous me l'aviez presque défendu, et vous ne me reprocheriez pas d'avoir tardé, si vous saviez à quoi j'ai employé mon temps.
directspeech	 ¶ -- Vous n'avez pas de compte à me rendre. Dites-moi seulement pourquoi vous venez maintenant.
directspeech	 Dites-moi seulement pourquoi vous venez maintenant.
directspeech	 ¶ -- Pour vous remettre une lettre.
directspeech	 ¶ -- De votre ami, Lucien ?... donnez... donnez vite !
directspeech	... donnez... donnez vite !
directspeech	 ¶ -- La lettre n'est pas de Lucien.
directspeech	 ¶ -- De qui donc, alors ?
directspeech	 ¶ -- La voici
nondirect	, dit Maxime en présentant à la comtesse le pli cacheté qu'il avait retiré du portefeuille.
directspeech	 Elle est à votre adresse. Reconnaissez-vous l'écriture ?
directspeech	 Reconnaissez-vous l'écriture ?
nondirect	 ¶ Madame de Pommeuse pâlit en la regardant.
directspeech	 ¶ -- Oui... je vois que vous la reconnaissez... je ne m'étais pas trompé... maintenant, lisez la lettre.
nondirect	 ¶ La comtesse la décacheta d'une main fiévreuse et la lut d'un coup d'œil.
directspeech	 ¶ -- Enfin !
directspeech	 murmura-t-elle, je n'ai plus à trembler pour lui. Il m'annonce qu'il va quitter Paris, ce soir, et qu'il ne reviendra jamais en France.
directspeech	 Il m'annonce qu'il va quitter Paris, ce soir, et qu'il ne reviendra jamais en France.
directspeech	 ¶ -- De qui parlez-vous ?
nondirect	 demanda Maxime.
directspeech	 ¶ -- Vous le savez bien.
directspeech	 ¶ -- Je le devine peut-être... mais j'attends que vous me l'appreniez.
directspeech	 ¶ -- Si vous ne le savez pas, comment se fait-il que vous m'apportiez cette lettre ? ce n'est donc pas lui qui vous l'a remise ?
directspeech	 ce n'est donc pas lui qui vous l'a remise ?
directspeech	 ¶ -- Lui... c'est votre frère, n'est-ce pas ?
directspeech	 ¶ -- Oui... et vous devriez vous réjouir avec moi, car il m'apprend que demain, il sera en Angleterre. Il avait manqué à la promesse qu'il m'avait faite dans le pavillon... il était resté à Paris sous un faux nom, mais il a compris qu'il allait se perdre... c'est un miracle qu'on ne l'ait pas arrêté... et il s'est décidé à retourner en Amérique.
directspeech	 Il avait manqué à la promesse qu'il m'avait faite dans le pavillon... il était resté à Paris sous un faux nom, mais il a compris qu'il allait se perdre... c'est un miracle qu'on ne l'ait pas arrêté... et il s'est décidé à retourner en Amérique.
directspeech	 ¶ -- Il aurait mieux fait de partir hier.
directspeech	 ¶ -- Il aurait dû partir, le jour de mon entrevue avec lui. Il a joué, le malheureux, avec l'argent que je lui ai donné... il a gagné... beaucoup gagné, m'écrit-il... puis, il s'est aperçu qu'on le soupçonnait... et il s'est décidé à se mettre à l'abri... Dieu soit loué ! je n'aurai pas la douleur de le voir sur le banc d'infamie... et puisqu'il se repent, il s'amendera peut-être... il est encore jeune... et à l'étranger, il rachètera son passé.
directspeech	 Il a joué, le malheureux, avec l'argent que je lui ai donné... il a gagné... beaucoup gagné, m'écrit-il... puis, il s'est aperçu qu'on le soupçonnait... et il s'est décidé à se mettre à l'abri... Dieu soit loué ! je n'aurai pas la douleur de le voir sur le banc d'infamie... et puisqu'il se repent, il s'amendera peut-être... il est encore jeune... et à l'étranger, il rachètera son passé.
directspeech	 je n'aurai pas la douleur de le voir sur le banc d'infamie... et puisqu'il se repent, il s'amendera peut-être... il est encore jeune... et à l'étranger, il rachètera son passé.
directspeech	 ¶ -- Il n'est plus temps.
directspeech	 ¶ -- Pourquoi ?
directspeech	 ¶ -- Il l'a expié, son passé.
directspeech	 ¶ -- Que voulez-vous dire ?... serait-il tombé entre les mains des agents qui le cherchaient ?
directspeech	... serait-il tombé entre les mains des agents qui le cherchaient ?
directspeech	 ¶ -- Il est mort !
nondirect	 répondit brusquement Chalandrey.
directspeech	 ¶ -- Mort !
nondirect	 murmura la comtesse, suffoquée par l'émotion.
directspeech	 ¶ -- De mort violente. Ne devait-il pas finir ainsi ?
directspeech	 Ne devait-il pas finir ainsi ?
directspeech	 ¶ -- Il s'est tué, le malheureux !
nondirect	 ¶ Chalandrey fit signe que non.
directspeech	 ¶ -- Ah ! Je vous comprends !... ils l'ont assassiné.
directspeech	 Je vous comprends !... ils l'ont assassiné.
directspeech	... ils l'ont assassiné.
directspeech	 ¶ -- De qui parlez-vous ?
directspeech	 ¶ -- Des bandits du pavillon.
directspeech	 ¶ -- Ils ne se sont jamais occupés de votre frère... ils ne le connaissaient pas...
directspeech	 ¶ -- Tévenec le connaissait... Tévenec le haïssait... Tévenec savait qu'il était revenu à Paris et il m'avait menacée de le dénoncer...
directspeech	 ¶ -- Pour vous effrayer, sans doute, car il n'avait aucun intérêt à le supprimer... Au contraire. ¶ » Votre frère n'a pas été assassiné... votre frère ne s'est pas suicidé... Votre frère a été tué en duel.
directspeech	 Votre frère n'a pas été assassiné... votre frère ne s'est pas suicidé... Votre frère a été tué en duel.
directspeech	 ¶ -- En duel !
directspeech	 ¶ -- Oui... d'un coup d'épée dans la poitrine. Ne pensez-vous pas qu'il ne pouvait rien lui arriver de plus heureux ?
directspeech	 Ne pensez-vous pas qu'il ne pouvait rien lui arriver de plus heureux ?
directspeech	 ¶ -- C'était mon frère !
directspeech	 ¶ -- Pleurez-le, si vous voulez, mais ne le regrettez pas, dit presque durement Chalandrey. S'il vivait, vous l'auriez vu sur le banc des accusés... à la cour d'assises...
directspeech	 S'il vivait, vous l'auriez vu sur le banc des accusés... à la cour d'assises...
directspeech	 ¶ -- Non, puisqu'il allait partir.
directspeech	 ¶ -- Il serait revenu... il s'était résigné à s'éloigner, parce qu'il craignait d'être signalé à la police. Mais il aurait reparu... ses pareils ne peuvent vivre qu'à Paris... et il aurait fini au bagne... ne vaut-il pas mieux qu'il soit tombé, l'épée à la main, comme un galant homme ?... Il s'est bravement battu et il a eu l'honneur d'avoir pour adversaire un ancien officier supérieur.
directspeech	 Mais il aurait reparu... ses pareils ne peuvent vivre qu'à Paris... et il aurait fini au bagne... ne vaut-il pas mieux qu'il soit tombé, l'épée à la main, comme un galant homme ?... Il s'est bravement battu et il a eu l'honneur d'avoir pour adversaire un ancien officier supérieur.
directspeech	... Il s'est bravement battu et il a eu l'honneur d'avoir pour adversaire un ancien officier supérieur.
directspeech	 ¶ -- Et... cet adversaire sait que je suis la sœur de...
directspeech	 ¶ -- Il ne le savait pas quand l'affaire s'est engagée.
directspeech	 ¶ -- Mais il le sait maintenant ?
directspeech	 ¶ -- Il l'a appris en lisant votre nom sur cette lettre...
directspeech	 ¶ -- Et il vous a chargé de me la remettre.
directspeech	 ¶ -- Il vous l'aurait remise lui-même s'il n'était pas blessé.
directspeech	 ¶ -- Vous avez donc assisté au combat ?
directspeech	 ¶ -- Non. Il était terminé quand je suis arrivé.
directspeech	 Il était terminé quand je suis arrivé.
directspeech	 ¶ -- Et vous avez reconnu mon malheureux frère...
directspeech	 ¶ -- Il était mort quand je l'ai reconnu. Je l'avais si mal vu dans le pavillon que, depuis, je me suis trouvé plusieurs fois en contact avec lui, sans me douter que c'était l'homme qui, sous mes yeux, avait reçu de l'argent de votre main.
directspeech	 Je l'avais si mal vu dans le pavillon que, depuis, je me suis trouvé plusieurs fois en contact avec lui, sans me douter que c'était l'homme qui, sous mes yeux, avait reçu de l'argent de votre main.
nondirect	 ¶ »
nondirect	 Il était au bois de Boulogne, le jour où je vous y ai rencontrée.
directspeech	 ¶ -- Ne vous l'ai-je pas dit, qu'il y était ?
directspeech	 ¶ -- C'est vrai... il y était à cheval... il m'a salué... et je l'ai pris pour ce qu'il prétendait être... pour un Américain, récemment arrivé en France, qui s'était fait recevoir à mon cercle, où il jouait très gros jeu et qui m'a gagné beaucoup d'argent... il faut dire qu'après son entrevue avec vous, il avait coupé sa barbe et qu'il était méconnaissable.
directspeech	 ¶ -- Je ne m'y étais pas trompée... et je ne m'explique pas que vous l'ayez reconnu mort... vous qui ne l'aviez pas reconnu vivant.
directspeech	 ¶ -- Quand on m'a montré son cadavre, je venais de lire votre adresse sur la lettre... c'était un trait de lumière... la mémoire m'est revenue, tout à coup... et j'ai compris...
directspeech	 ¶ -- Moi, je ne comprends pas encore
nondirect	, dit amèrement la comtesse.
directspeech	 ¶ -- C'est cependant très simple. Avec la somme que vous lui avez donnée pour partir, votre frère a fait peau neuve. Il est allé se loger au Grand-Hôtel, sous le faux nom de William Atkins.
directspeech	 Avec la somme que vous lui avez donnée pour partir, votre frère a fait peau neuve. Il est allé se loger au Grand-Hôtel, sous le faux nom de William Atkins.
directspeech	 Il est allé se loger au Grand-Hôtel, sous le faux nom de William Atkins.
nondirect	 ¶ »
nondirect	 Il a réussi à s'introduire au cercle et le jeu lui a réussi.
nondirect	 Il était en passe d'y faire fortune et personne ne se doutait qu'il eût été jadis condamné par contumace. ¶ »
nondirect	 Ce n'est pas cet antécédent judiciaire qui l'a perdu.
nondirect	 Son adversaire ignorait qu'il eût été poursuivi et jugé pour un faux.
nondirect	 S'il l'avait su, il ne se serait peut-être pas battu avec lui.
directspeech	 ¶ -- Apprenez-moi donc quelle a été la cause du duel ?
directspeech	 ¶ -- Un autre méfait, imputable à votre frère.
directspeech	 ¶ -- Quel méfait ?
directspeech	 ¶ -- Il y a dix ans, votre frère a tué un homme... un proche parent de l'homme tué cherchait le meurtrier qui était resté un inconnu... il a acquis la certitude que ce meurtrier, c'était le soi-disant Américain et il l'a forcé à se battre...
directspeech	 ¶ -- Une vengeance, alors...
directspeech	 ¶ -- Une vengeance légitime. Votre frère n'a pas nié... et s'il a succombé, c'est que Dieu est juste... celui qui a frappé par l'épée périra par l'épée. ¶ » Le combat a été loyal, je l'atteste. Je n'y étais pas, mais je connais assez l'adversaire pour répondre de lui... comme je répondrais de moi-même. ¶ » Si je vous le nommais, vous ne douteriez pas un seul instant de son honorabilité.
directspeech	 Votre frère n'a pas nié... et s'il a succombé, c'est que Dieu est juste... celui qui a frappé par l'épée périra par l'épée. ¶ » Le combat a été loyal, je l'atteste. Je n'y étais pas, mais je connais assez l'adversaire pour répondre de lui... comme je répondrais de moi-même. ¶ » Si je vous le nommais, vous ne douteriez pas un seul instant de son honorabilité.
directspeech	 Le combat a été loyal, je l'atteste. Je n'y étais pas, mais je connais assez l'adversaire pour répondre de lui... comme je répondrais de moi-même. ¶ » Si je vous le nommais, vous ne douteriez pas un seul instant de son honorabilité.
directspeech	 Je n'y étais pas, mais je connais assez l'adversaire pour répondre de lui... comme je répondrais de moi-même. ¶ » Si je vous le nommais, vous ne douteriez pas un seul instant de son honorabilité.
directspeech	 Si je vous le nommais, vous ne douteriez pas un seul instant de son honorabilité.
directspeech	 ¶ -- Je le connais donc ?
directspeech	 ¶ -- Oui... et s'il avait su avoir à faire au frère de madame de Pommeuse, je crois bien qu'il n'aurait pas provoqué M. Atkins.
directspeech	 ¶ -- Nommez-le moi !
directspeech	 ¶ -- À quoi bon ?... vous êtes destinée à le revoir. Mieux vaut que vous ignoriez ce qu'il a fait.
directspeech	... vous êtes destinée à le revoir. Mieux vaut que vous ignoriez ce qu'il a fait.
directspeech	 Mieux vaut que vous ignoriez ce qu'il a fait.
directspeech	 ¶ -- Dites-moi au moins qui mon frère avait tué.
directspeech	 ¶ -- Si je vous le disais, vous ne me croiriez pas...
directspeech	 ¶ -- Si vous ne me le dites pas, je croirai que rien de ce que vous venez de me raconter n'est vrai... je croirai que mon frère a été assassiné... je croirai que vous vous êtes allié à mes ennemis.
directspeech	 ¶ -- Il faudrait que vous eussiez perdu l'esprit. C'est déjà trop que vous me soupçonniez de mentir. Sachez donc ce que j'aurais voulu vous cacher. ¶ » L'homme que votre frère a tué, il y a dix ans, était officier et s'appelait Roger de Chalandrey. ¶ » Je suis son fils.
directspeech	 C'est déjà trop que vous me soupçonniez de mentir. Sachez donc ce que j'aurais voulu vous cacher. ¶ » L'homme que votre frère a tué, il y a dix ans, était officier et s'appelait Roger de Chalandrey. ¶ » Je suis son fils.
directspeech	 Sachez donc ce que j'aurais voulu vous cacher. ¶ » L'homme que votre frère a tué, il y a dix ans, était officier et s'appelait Roger de Chalandrey. ¶ » Je suis son fils.
directspeech	 L'homme que votre frère a tué, il y a dix ans, était officier et s'appelait Roger de Chalandrey. ¶ » Je suis son fils.
directspeech	 Je suis son fils.
directspeech	 ¶ -- Ah !
directspeech	 s'écria la comtesse, je comprends maintenant... c'est vous qui avez vengé votre père... c'est vous qui...
directspeech	 ¶ -- Non, madame
nondirect	, interrompit Maxime.
directspeech	 Je l'aurais vengé si j'avais pu. Je cherchais son meurtrier... j'étais sur sa trace et si je m'étais trouvé face à face avec lui, je ne l'aurais pas épargné. Quelqu'un m'a devancé...
directspeech	 Je cherchais son meurtrier... j'étais sur sa trace et si je m'étais trouvé face à face avec lui, je ne l'aurais pas épargné. Quelqu'un m'a devancé...
directspeech	 Quelqu'un m'a devancé...
directspeech	 ¶ -- Votre oncle !
directspeech	 ¶ -- Oui... le commandant Pierre d'Argental a exposé sa vie pour venger son beau-frère et peu s'en est fallu qu'il ne la perdît, car il a été sérieusement blessé. ¶ » Je ne voulais pas le quitter, mais quand j'ai vu votre nom sur cette lettre...
directspeech	 Je ne voulais pas le quitter, mais quand j'ai vu votre nom sur cette lettre...
directspeech	 ¶ -- C'est donc maintenant seulement que...
directspeech	 ¶ -- Je n'ai pris que le temps de me jeter dans une voiture. Cette lettre aurait pu tomber en d'autres mains que les vôtres. Il importait qu'elle vous fût remise immédiatement. Brûlez-la. Nul ne saura que vous étiez la sœur de l'aventurier qui se faisait appeler William Atkins.
directspeech	 Cette lettre aurait pu tomber en d'autres mains que les vôtres. Il importait qu'elle vous fût remise immédiatement. Brûlez-la. Nul ne saura que vous étiez la sœur de l'aventurier qui se faisait appeler William Atkins.
directspeech	 Il importait qu'elle vous fût remise immédiatement. Brûlez-la. Nul ne saura que vous étiez la sœur de l'aventurier qui se faisait appeler William Atkins.
directspeech	 Brûlez-la. Nul ne saura que vous étiez la sœur de l'aventurier qui se faisait appeler William Atkins.
directspeech	 Nul ne saura que vous étiez la sœur de l'aventurier qui se faisait appeler William Atkins.
directspeech	 ¶ -- Votre oncle et les témoins l'ont vue, cette lettre.
directspeech	 ¶ -- Mon oncle n'en parlera pas... les témoins ?... ils n'étaient que deux et l'un des deux ne l'a pas vue... il était déjà parti quand nous l'avons trouvée dans un portefeuille que votre frère avait placé sur un banc, avant le combat... un portefeuille qui contient une somme importante et que votre frère a prié ces messieurs de porter à la même adresse que la lettre, s'il lui arrivait malheur. ¶ » L'autre témoin est un homme sûr... un ancien militaire qui a servi sous les ordres de mon oncle. Il se taira. Quant aux billets de banque...
directspeech	... ils n'étaient que deux et l'un des deux ne l'a pas vue... il était déjà parti quand nous l'avons trouvée dans un portefeuille que votre frère avait placé sur un banc, avant le combat... un portefeuille qui contient une somme importante et que votre frère a prié ces messieurs de porter à la même adresse que la lettre, s'il lui arrivait malheur. ¶ » L'autre témoin est un homme sûr... un ancien militaire qui a servi sous les ordres de mon oncle. Il se taira. Quant aux billets de banque...
directspeech	 L'autre témoin est un homme sûr... un ancien militaire qui a servi sous les ordres de mon oncle. Il se taira. Quant aux billets de banque...
directspeech	 Il se taira. Quant aux billets de banque...
directspeech	 Quant aux billets de banque...
directspeech	 ¶ -- Je n'en veux pas, dit vivement la comtesse.
directspeech	 ¶ -- Je les garde pour les remettre au magistrat qui dirigera l'enquête... le portefeuille où ils sont logés ne renferme aucun papier... je m'en suis assuré... rien que des cartes de visite au nom de William Atkins...
directspeech	 ¶ -- Le magistrat ? l'enquête ?
directspeech	 l'enquête ?
nondirect	 répéta madame de Pommeuse.
directspeech	 ¶ -- Mais, oui. Il y a eu mort d'homme et d'ailleurs on s'est battu chez moi... dans mon jardin. Tout s'est passé régulièrement, mais la justice s'occupera de cette affaire. Mon oncle, qui s'y attend, a pris les devants. Il s'est fait immédiatement conduire chez le préfet de police. Il va tout lui dire, excepté ce qui vous concerne. ¶ » Je l'aurais accompagné, si je n'avais pensé que mon premier devoir était de vous avertir. ¶ » Je serai interrogé, mais vous ne le serez pas, puisqu'il ne peut pas être question de vous à propos de ce duel.
directspeech	 Il y a eu mort d'homme et d'ailleurs on s'est battu chez moi... dans mon jardin. Tout s'est passé régulièrement, mais la justice s'occupera de cette affaire. Mon oncle, qui s'y attend, a pris les devants. Il s'est fait immédiatement conduire chez le préfet de police. Il va tout lui dire, excepté ce qui vous concerne. ¶ » Je l'aurais accompagné, si je n'avais pensé que mon premier devoir était de vous avertir. ¶ » Je serai interrogé, mais vous ne le serez pas, puisqu'il ne peut pas être question de vous à propos de ce duel.
directspeech	 Tout s'est passé régulièrement, mais la justice s'occupera de cette affaire. Mon oncle, qui s'y attend, a pris les devants. Il s'est fait immédiatement conduire chez le préfet de police. Il va tout lui dire, excepté ce qui vous concerne. ¶ » Je l'aurais accompagné, si je n'avais pensé que mon premier devoir était de vous avertir. ¶ » Je serai interrogé, mais vous ne le serez pas, puisqu'il ne peut pas être question de vous à propos de ce duel.
directspeech	 Mon oncle, qui s'y attend, a pris les devants. Il s'est fait immédiatement conduire chez le préfet de police. Il va tout lui dire, excepté ce qui vous concerne. ¶ » Je l'aurais accompagné, si je n'avais pensé que mon premier devoir était de vous avertir. ¶ » Je serai interrogé, mais vous ne le serez pas, puisqu'il ne peut pas être question de vous à propos de ce duel.
directspeech	 Il s'est fait immédiatement conduire chez le préfet de police. Il va tout lui dire, excepté ce qui vous concerne. ¶ » Je l'aurais accompagné, si je n'avais pensé que mon premier devoir était de vous avertir. ¶ » Je serai interrogé, mais vous ne le serez pas, puisqu'il ne peut pas être question de vous à propos de ce duel.
directspeech	 Il va tout lui dire, excepté ce qui vous concerne. ¶ » Je l'aurais accompagné, si je n'avais pensé que mon premier devoir était de vous avertir. ¶ » Je serai interrogé, mais vous ne le serez pas, puisqu'il ne peut pas être question de vous à propos de ce duel.
directspeech	 Je l'aurais accompagné, si je n'avais pensé que mon premier devoir était de vous avertir. ¶ » Je serai interrogé, mais vous ne le serez pas, puisqu'il ne peut pas être question de vous à propos de ce duel.
directspeech	 Je serai interrogé, mais vous ne le serez pas, puisqu'il ne peut pas être question de vous à propos de ce duel.
directspeech	 ¶ -- Vous oubliez que, hier, à pareille heure, j'étais dans le cabinet du juge d'instruction et qu'en me laissant partir, il m'a dit que je restais à sa disposition.
directspeech	 ¶ -- Il m'a, parbleu ! bien dit la même chose... et j'ai compris ce langage. Il signifie que si je faisais mine de quitter Paris, on m'inviterait poliment à y rester jusqu'à nouvel avis. ¶ » Je suis dans le même cas que vous... et nous sommes certainement surveillés, tous les deux... moi surtout. On saura donc que vous m'avez vue...
directspeech	 bien dit la même chose... et j'ai compris ce langage. Il signifie que si je faisais mine de quitter Paris, on m'inviterait poliment à y rester jusqu'à nouvel avis. ¶ » Je suis dans le même cas que vous... et nous sommes certainement surveillés, tous les deux... moi surtout. On saura donc que vous m'avez vue...
directspeech	 Il signifie que si je faisais mine de quitter Paris, on m'inviterait poliment à y rester jusqu'à nouvel avis. ¶ » Je suis dans le même cas que vous... et nous sommes certainement surveillés, tous les deux... moi surtout. On saura donc que vous m'avez vue...
directspeech	 Je suis dans le même cas que vous... et nous sommes certainement surveillés, tous les deux... moi surtout. On saura donc que vous m'avez vue...
directspeech	 On saura donc que vous m'avez vue...
directspeech	 ¶ -- Peut-être ; mais j'ai bien le droit de vous faire une visite. Et je défie l'agent le plus habile de deviner que je suis venu vous apprendre la mort de votre frère. Vous allez me dire qu'on a pu me voir vous remettre une lettre... je vous répondrai qu'au moment où je vous l'ai remise, il ne passait personne dans l'avenue Marceau.
directspeech	 Et je défie l'agent le plus habile de deviner que je suis venu vous apprendre la mort de votre frère. Vous allez me dire qu'on a pu me voir vous remettre une lettre... je vous répondrai qu'au moment où je vous l'ai remise, il ne passait personne dans l'avenue Marceau.
directspeech	 Vous allez me dire qu'on a pu me voir vous remettre une lettre... je vous répondrai qu'au moment où je vous l'ai remise, il ne passait personne dans l'avenue Marceau.
directspeech	 ¶ -- Mais la voiture où vous étiez nous a suivis jusqu'ici ?
directspeech	 ¶ -- Et tous les cochers sont de la police, à ce qu'on prétend
nondirect	, dit en souriant Maxime.
directspeech	 Eh bien, je crois qu'on s'exagère beaucoup la puissance de la préfecture. Si elle faisait suivre tous ceux qui ont eu à faire à un juge d'instruction, le personnel de la Sûreté n'y suffirait pas. Ces gens qui vont et qui viennent sous les arbres de la place de l'Étoile où nous sommes arrivés, ne sont pas des espions, je vous l'affirme.
directspeech	 Si elle faisait suivre tous ceux qui ont eu à faire à un juge d'instruction, le personnel de la Sûreté n'y suffirait pas. Ces gens qui vont et qui viennent sous les arbres de la place de l'Étoile où nous sommes arrivés, ne sont pas des espions, je vous l'affirme.
directspeech	 Ces gens qui vont et qui viennent sous les arbres de la place de l'Étoile où nous sommes arrivés, ne sont pas des espions, je vous l'affirme.
directspeech	 ¶ -- J'envie votre assurance, mais je ne la partage pas. Depuis que je suis rentrée chez moi, après vous avoir quitté au Palais, je n'ai pas osé sortir, tant je craignais d'être suivie.
directspeech	 Depuis que je suis rentrée chez moi, après vous avoir quitté au Palais, je n'ai pas osé sortir, tant je craignais d'être suivie.
directspeech	 ¶ -- Vous vous y êtes décidée, cependant.
directspeech	 ¶ -- Si vous saviez pourquoi...
directspeech	 ¶ -- Je ne vous le demande pas.
directspeech	 ¶ -- Je n'ai aucune nouvelle de M. Lucien Croze...
directspeech	 ¶ -- Et vous alliez chez lui ?
directspeech	 ¶ -- Non... j'ai écrit à sa sœur et, comme je me défie de mes domestiques, j'allais lui faire porter ma lettre par un commissionnaire...
directspeech	 ¶ -- Lucien aimerait beaucoup mieux vous voir.
directspeech	 ¶ -- Il vous l'a dit ?
directspeech	 ¶ -- Plutôt vingt fois qu'une. J'ai passé, hier, toute ma soirée avec lui.
directspeech	 J'ai passé, hier, toute ma soirée avec lui.
directspeech	 ¶ -- Que n'est-il donc venu me rassurer !
directspeech	 ¶ -- Vous ne connaissez pas encore Lucien. Il est timide comme une jeune fille. S'il n'est pas venu, c'est qu'il n'a pas osé...
directspeech	 Il est timide comme une jeune fille. S'il n'est pas venu, c'est qu'il n'a pas osé...
directspeech	 S'il n'est pas venu, c'est qu'il n'a pas osé...
directspeech	 ¶ -- Après ce qui s'est passé hier dans cette affreuse maison où j'étais enfermée !...
directspeech	...
directspeech	 ¶ -- Je sais. Il m'a tout raconté. Il a eu l'audace de se déclarer et vous n'avez pas mal accueilli sa déclaration. Vous avez même échangé avec lui une promesse.
directspeech	 Il m'a tout raconté. Il a eu l'audace de se déclarer et vous n'avez pas mal accueilli sa déclaration. Vous avez même échangé avec lui une promesse.
directspeech	 Il a eu l'audace de se déclarer et vous n'avez pas mal accueilli sa déclaration. Vous avez même échangé avec lui une promesse.
directspeech	 Vous avez même échangé avec lui une promesse.
directspeech	 ¶ -- L'a-t-il donc déjà oubliée ?
directspeech	 ¶ -- Oh ! non... mais il n'a pas eu le courage de venir vous la rappeler. Sa sœur et moi, nous lui avons fait honte de sa timidité... nous n'en sommes pas venus à bout.
directspeech	 non... mais il n'a pas eu le courage de venir vous la rappeler. Sa sœur et moi, nous lui avons fait honte de sa timidité... nous n'en sommes pas venus à bout.
directspeech	 Sa sœur et moi, nous lui avons fait honte de sa timidité... nous n'en sommes pas venus à bout.
directspeech	 ¶ -- Sa sœur !... elle aurait pu venir, elle !
directspeech	... elle aurait pu venir, elle !
directspeech	 ¶ -- Elle en avait bonne envie. C'est moi qui l'en ai empêchée.
directspeech	 C'est moi qui l'en ai empêchée.
directspeech	 ¶ -- Vous, monsieur !... vous que je croyais mon ami !...
directspeech	... vous que je croyais mon ami !...
directspeech	...
directspeech	 ¶ -- Je suis votre ami... je crois vous l'avoir prouvé... et je vous le prouverai encore... mais je suis amoureux d'une jeune fille que vous connaissez bien...
directspeech	 ¶ -- Odette.
directspeech	 ¶ -- Oui, chère madame ; et les amoureux sont égoïstes. J'ai dîné, hier, avec elle et son frère, au restaurant. J'étais arrivé rue des Dames, au moment où Lucien rentrait, après les aventures que vous savez. J'ai quitté ma fiancée à minuit.
directspeech	 J'ai dîné, hier, avec elle et son frère, au restaurant. J'étais arrivé rue des Dames, au moment où Lucien rentrait, après les aventures que vous savez. J'ai quitté ma fiancée à minuit.
directspeech	 J'étais arrivé rue des Dames, au moment où Lucien rentrait, après les aventures que vous savez. J'ai quitté ma fiancée à minuit.
directspeech	 J'ai quitté ma fiancée à minuit.
directspeech	 ¶ -- Votre fiancée !
directspeech	 ¶ -- Oui, madame. J'ai demandé à Lucien la main de sa sœur et il me l'a accordée. Odette n'a pas dit non, et il ne nous reste plus qu'à publier les bans. Nous nous marierons dans un mois.
directspeech	 J'ai demandé à Lucien la main de sa sœur et il me l'a accordée. Odette n'a pas dit non, et il ne nous reste plus qu'à publier les bans. Nous nous marierons dans un mois.
directspeech	 Odette n'a pas dit non, et il ne nous reste plus qu'à publier les bans. Nous nous marierons dans un mois.
directspeech	 Nous nous marierons dans un mois.
directspeech	 ¶ -- J'aurai donc cette joie de vous voir heureux ! Votre bonheur me consolera d'avoir tant souffert.
directspeech	 Votre bonheur me consolera d'avoir tant souffert.
directspeech	 ¶ -- Il ne tient qu'à vous d'être aussi heureuse que vos amis. Pourquoi ne nous marierions-nous pas tous les quatre, le même jour ?
directspeech	 Pourquoi ne nous marierions-nous pas tous les quatre, le même jour ?
directspeech	 ¶ -- M. Croze m'épouserait !
directspeech	 ¶ -- C'est son vœu le plus cher et c'est le rêve de sa sœur. Oserai-je ajouter que c'est le mien ? Il dépend de vous de le réaliser. Vous êtes libre de disposer de votre cœur et de votre main.
directspeech	 Oserai-je ajouter que c'est le mien ? Il dépend de vous de le réaliser. Vous êtes libre de disposer de votre cœur et de votre main.
directspeech	 Il dépend de vous de le réaliser. Vous êtes libre de disposer de votre cœur et de votre main.
directspeech	 Vous êtes libre de disposer de votre cœur et de votre main.
directspeech	 ¶ -- Libre !... quand je puis, d'un instant à l'autre, être appelée devant le juge d'instruction... quand mes ennemis me guettent... quand Tévenec, caché dans Paris, n'attend qu'une occasion de se venger de moi et de ceux qui m'aiment !
directspeech	... quand je puis, d'un instant à l'autre, être appelée devant le juge d'instruction... quand mes ennemis me guettent... quand Tévenec, caché dans Paris, n'attend qu'une occasion de se venger de moi et de ceux qui m'aiment !
directspeech	 ¶ -- Encore une fois, chère madame, vous vous exagérez les dangers qui vous menacent. Votre situation est certainement meilleure qu'elle ne l'était il y a trois jours. Le magistrat qui vous a interrogée ne vous soupçonne plus d'avoir pris part au crime du pavillon. Tévenec est en fuite et... permettez-moi de vous le dire... la mort de votre malheureux frère vous a délivrée d'une grosse inquiétude. ¶ » Rien ne vous empêche donc d'épouser Lucien. ¶ » Il n'a rien à redouter non plus, puisque cet odieux Maubert a retiré la plainte qu'il avait portée contre lui. ¶ » Je me flatte d'avoir contribué à ce résultat en lui disant son fait dans le cabinet du juge d'instruction.
directspeech	 Votre situation est certainement meilleure qu'elle ne l'était il y a trois jours. Le magistrat qui vous a interrogée ne vous soupçonne plus d'avoir pris part au crime du pavillon. Tévenec est en fuite et... permettez-moi de vous le dire... la mort de votre malheureux frère vous a délivrée d'une grosse inquiétude. ¶ » Rien ne vous empêche donc d'épouser Lucien. ¶ » Il n'a rien à redouter non plus, puisque cet odieux Maubert a retiré la plainte qu'il avait portée contre lui. ¶ » Je me flatte d'avoir contribué à ce résultat en lui disant son fait dans le cabinet du juge d'instruction.
directspeech	 Le magistrat qui vous a interrogée ne vous soupçonne plus d'avoir pris part au crime du pavillon. Tévenec est en fuite et... permettez-moi de vous le dire... la mort de votre malheureux frère vous a délivrée d'une grosse inquiétude. ¶ » Rien ne vous empêche donc d'épouser Lucien. ¶ » Il n'a rien à redouter non plus, puisque cet odieux Maubert a retiré la plainte qu'il avait portée contre lui. ¶ » Je me flatte d'avoir contribué à ce résultat en lui disant son fait dans le cabinet du juge d'instruction.
directspeech	 Tévenec est en fuite et... permettez-moi de vous le dire... la mort de votre malheureux frère vous a délivrée d'une grosse inquiétude. ¶ » Rien ne vous empêche donc d'épouser Lucien. ¶ » Il n'a rien à redouter non plus, puisque cet odieux Maubert a retiré la plainte qu'il avait portée contre lui. ¶ » Je me flatte d'avoir contribué à ce résultat en lui disant son fait dans le cabinet du juge d'instruction.
directspeech	 Rien ne vous empêche donc d'épouser Lucien. ¶ » Il n'a rien à redouter non plus, puisque cet odieux Maubert a retiré la plainte qu'il avait portée contre lui. ¶ » Je me flatte d'avoir contribué à ce résultat en lui disant son fait dans le cabinet du juge d'instruction.
directspeech	 Il n'a rien à redouter non plus, puisque cet odieux Maubert a retiré la plainte qu'il avait portée contre lui. ¶ » Je me flatte d'avoir contribué à ce résultat en lui disant son fait dans le cabinet du juge d'instruction.
directspeech	 Je me flatte d'avoir contribué à ce résultat en lui disant son fait dans le cabinet du juge d'instruction.
directspeech	 ¶ -- Maubert ?... vous l'avez sauvé !
directspeech	... vous l'avez sauvé !
nondirect	 murmura la comtesse.
directspeech	 ¶ -- Sauvé de quoi ?
nondirect	 demanda Chalandrey stupéfait.
directspeech	 ¶ -- Il tremblait d'être arrêté immédiatement... et le juge l'a laissé partir. Maubert vous a béni... c'est à vous qu'il doit d'avoir pu rentrer tranquillement chez lui...
directspeech	 Maubert vous a béni... c'est à vous qu'il doit d'avoir pu rentrer tranquillement chez lui...
directspeech	 ¶ -- À moi !
directspeech	 ¶ -- Oui, car si vous l'aviez reconnu... comme je l'ai reconnu... votre déclaration aurait confirmé la mienne... et le juge n'aurait pas hésité à l'envoyer en prison. ¶ » Vous l'aviez vu pourtant donnant des ordres à ses complices, ce chef des assassins du pavillon...
directspeech	 Vous l'aviez vu pourtant donnant des ordres à ses complices, ce chef des assassins du pavillon...
directspeech	 ¶ -- Comment ! c'était lui !
directspeech	 c'était lui !
directspeech	 ¶ -- J'en suis certaine. Je l'ai vu d'assez près pour ne pas me tromper. C'est son visage... c'est sa voix...
directspeech	 Je l'ai vu d'assez près pour ne pas me tromper. C'est son visage... c'est sa voix...
directspeech	 C'est son visage... c'est sa voix...
directspeech	 ¶ -- Que ne l'avez-vous donc dénoncé ?
directspeech	 ¶ -- Je l'ai dénoncé... je l'ai appelé assassin !... j'ai raconté la scène du meurtre à ce juge...
directspeech	... j'ai raconté la scène du meurtre à ce juge...
directspeech	 ¶ -- Et il a refusé de vous croire !
directspeech	 ¶ -- Je ne sais ce qu'il a pensé. Maubert, bien entendu, a nié énergiquement. Il a prétendu que j'avais été abusée par une ressemblance... il a osé parler de Lesurques. Le juge a écouté ses protestations et m'a demandé si je persistais à l'accuser. ¶ » Alors, je l'avoue, j'ai faibli...
directspeech	 Maubert, bien entendu, a nié énergiquement. Il a prétendu que j'avais été abusée par une ressemblance... il a osé parler de Lesurques. Le juge a écouté ses protestations et m'a demandé si je persistais à l'accuser. ¶ » Alors, je l'avoue, j'ai faibli...
directspeech	 Il a prétendu que j'avais été abusée par une ressemblance... il a osé parler de Lesurques. Le juge a écouté ses protestations et m'a demandé si je persistais à l'accuser. ¶ » Alors, je l'avoue, j'ai faibli...
directspeech	 Le juge a écouté ses protestations et m'a demandé si je persistais à l'accuser. ¶ » Alors, je l'avoue, j'ai faibli...
directspeech	 Alors, je l'avoue, j'ai faibli...
directspeech	 ¶ -- Vous vous êtes rétractée ?
directspeech	 ¶ -- Non... je me suis tue...
directspeech	 ¶ -- Et pourquoi, grand Dieu !
directspeech	 ¶ -- Je me suis souvenue tout à coup que cet homme m'a sauvé la vie... vous le savez bien... les autres bandits voulaient me tuer... il a exigé qu'on m'épargnât... et là, dans le cabinet où je l'ai revu pour la première fois depuis le crime, il a compris pourquoi j'hésitais... il a payé d'audace et il m'a dit : Regardez-moi bien, madame !... Est-ce moi ?... Je lisais dans ses yeux... ils me disaient : oseras-tu m'envoyer à l'échafaud, moi qui t'ai fait grâce.
directspeech	... Est-ce moi ?... Je lisais dans ses yeux... ils me disaient : oseras-tu m'envoyer à l'échafaud, moi qui t'ai fait grâce.
directspeech	... Je lisais dans ses yeux... ils me disaient : oseras-tu m'envoyer à l'échafaud, moi qui t'ai fait grâce.
directspeech	 ¶ -- Et le juge a pris votre silence pour un désaveu de votre première déclaration ?
directspeech	 ¶ -- Je vous répète qu'il ne s'est pas prononcé. À ce moment, on est venu annoncer que vous étiez là. Il a ordonné qu'on vous fît entrer. Il voulait vous entendre avant de prendre une décision. Moi, j'espérais que vous alliez désigner l'assassin. Je m'abusais. Il était là... vous l'avez vu... et vous ne vous êtes pas récrié... mais j'espérais encore que vous ne l'aviez pas regardé avec assez d'attention... mon cœur a battu quand vous avez dit : moi aussi, j'ai assisté à l'assassinat... et Maubert a pâli... Hélas ! la mémoire ne vous est pas revenue... à une question du juge, vous avez répondu que, depuis le crime, vous n'aviez rencontré aucun de ceux qui l'ont commis sous vos yeux. ¶ » Et pour comble de malheur, vous avez violemment apostrophé Maubert à propos de la plainte calomnieuse qu'il a portée contre M. Croze. ¶ » C'est cette diversion qui l'a sauvé. ¶ » Vous savez le reste. Le juge l'a congédié...
directspeech	 À ce moment, on est venu annoncer que vous étiez là. Il a ordonné qu'on vous fît entrer. Il voulait vous entendre avant de prendre une décision. Moi, j'espérais que vous alliez désigner l'assassin. Je m'abusais. Il était là... vous l'avez vu... et vous ne vous êtes pas récrié... mais j'espérais encore que vous ne l'aviez pas regardé avec assez d'attention... mon cœur a battu quand vous avez dit : moi aussi, j'ai assisté à l'assassinat... et Maubert a pâli... Hélas ! la mémoire ne vous est pas revenue... à une question du juge, vous avez répondu que, depuis le crime, vous n'aviez rencontré aucun de ceux qui l'ont commis sous vos yeux. ¶ » Et pour comble de malheur, vous avez violemment apostrophé Maubert à propos de la plainte calomnieuse qu'il a portée contre M. Croze. ¶ » C'est cette diversion qui l'a sauvé. ¶ » Vous savez le reste. Le juge l'a congédié...
directspeech	 Il a ordonné qu'on vous fît entrer. Il voulait vous entendre avant de prendre une décision. Moi, j'espérais que vous alliez désigner l'assassin. Je m'abusais. Il était là... vous l'avez vu... et vous ne vous êtes pas récrié... mais j'espérais encore que vous ne l'aviez pas regardé avec assez d'attention... mon cœur a battu quand vous avez dit : moi aussi, j'ai assisté à l'assassinat... et Maubert a pâli... Hélas ! la mémoire ne vous est pas revenue... à une question du juge, vous avez répondu que, depuis le crime, vous n'aviez rencontré aucun de ceux qui l'ont commis sous vos yeux. ¶ » Et pour comble de malheur, vous avez violemment apostrophé Maubert à propos de la plainte calomnieuse qu'il a portée contre M. Croze. ¶ » C'est cette diversion qui l'a sauvé. ¶ » Vous savez le reste. Le juge l'a congédié...
directspeech	 Il voulait vous entendre avant de prendre une décision. Moi, j'espérais que vous alliez désigner l'assassin. Je m'abusais. Il était là... vous l'avez vu... et vous ne vous êtes pas récrié... mais j'espérais encore que vous ne l'aviez pas regardé avec assez d'attention... mon cœur a battu quand vous avez dit : moi aussi, j'ai assisté à l'assassinat... et Maubert a pâli... Hélas ! la mémoire ne vous est pas revenue... à une question du juge, vous avez répondu que, depuis le crime, vous n'aviez rencontré aucun de ceux qui l'ont commis sous vos yeux. ¶ » Et pour comble de malheur, vous avez violemment apostrophé Maubert à propos de la plainte calomnieuse qu'il a portée contre M. Croze. ¶ » C'est cette diversion qui l'a sauvé. ¶ » Vous savez le reste. Le juge l'a congédié...
directspeech	 Moi, j'espérais que vous alliez désigner l'assassin. Je m'abusais. Il était là... vous l'avez vu... et vous ne vous êtes pas récrié... mais j'espérais encore que vous ne l'aviez pas regardé avec assez d'attention... mon cœur a battu quand vous avez dit : moi aussi, j'ai assisté à l'assassinat... et Maubert a pâli... Hélas ! la mémoire ne vous est pas revenue... à une question du juge, vous avez répondu que, depuis le crime, vous n'aviez rencontré aucun de ceux qui l'ont commis sous vos yeux. ¶ » Et pour comble de malheur, vous avez violemment apostrophé Maubert à propos de la plainte calomnieuse qu'il a portée contre M. Croze. ¶ » C'est cette diversion qui l'a sauvé. ¶ » Vous savez le reste. Le juge l'a congédié...
directspeech	 Je m'abusais. Il était là... vous l'avez vu... et vous ne vous êtes pas récrié... mais j'espérais encore que vous ne l'aviez pas regardé avec assez d'attention... mon cœur a battu quand vous avez dit : moi aussi, j'ai assisté à l'assassinat... et Maubert a pâli... Hélas ! la mémoire ne vous est pas revenue... à une question du juge, vous avez répondu que, depuis le crime, vous n'aviez rencontré aucun de ceux qui l'ont commis sous vos yeux. ¶ » Et pour comble de malheur, vous avez violemment apostrophé Maubert à propos de la plainte calomnieuse qu'il a portée contre M. Croze. ¶ » C'est cette diversion qui l'a sauvé. ¶ » Vous savez le reste. Le juge l'a congédié...
directspeech	 Il était là... vous l'avez vu... et vous ne vous êtes pas récrié... mais j'espérais encore que vous ne l'aviez pas regardé avec assez d'attention... mon cœur a battu quand vous avez dit : moi aussi, j'ai assisté à l'assassinat... et Maubert a pâli... Hélas ! la mémoire ne vous est pas revenue... à une question du juge, vous avez répondu que, depuis le crime, vous n'aviez rencontré aucun de ceux qui l'ont commis sous vos yeux. ¶ » Et pour comble de malheur, vous avez violemment apostrophé Maubert à propos de la plainte calomnieuse qu'il a portée contre M. Croze. ¶ » C'est cette diversion qui l'a sauvé. ¶ » Vous savez le reste. Le juge l'a congédié...
directspeech	 la mémoire ne vous est pas revenue... à une question du juge, vous avez répondu que, depuis le crime, vous n'aviez rencontré aucun de ceux qui l'ont commis sous vos yeux. ¶ » Et pour comble de malheur, vous avez violemment apostrophé Maubert à propos de la plainte calomnieuse qu'il a portée contre M. Croze. ¶ » C'est cette diversion qui l'a sauvé. ¶ » Vous savez le reste. Le juge l'a congédié...
directspeech	 Et pour comble de malheur, vous avez violemment apostrophé Maubert à propos de la plainte calomnieuse qu'il a portée contre M. Croze. ¶ » C'est cette diversion qui l'a sauvé. ¶ » Vous savez le reste. Le juge l'a congédié...
directspeech	 C'est cette diversion qui l'a sauvé. ¶ » Vous savez le reste. Le juge l'a congédié...
directspeech	 Vous savez le reste. Le juge l'a congédié...
directspeech	 Le juge l'a congédié...
directspeech	 ¶ -- Pas définitivement, je l'affirme. Souvenez-vous qu'après l'avoir renvoyé, il nous a quittés un instant... pour donner un ordre, a-t-il dit.
directspeech	 Souvenez-vous qu'après l'avoir renvoyé, il nous a quittés un instant... pour donner un ordre, a-t-il dit.
directspeech	 ¶ -- Je m'en souviens, mais qu'en concluez-vous ?
directspeech	 ¶ -- Pigache était dans le cabinet où le juge est entré... j'en suis sûr, parce que je venais de le rencontrer dans l'antichambre... c'est avec lui que le juge est allé conférer.
directspeech	 ¶ -- Pour lui recommander de nous surveiller.
directspeech	 ¶ -- Non... pour lui recommander de surveiller Maubert.
directspeech	 ¶ -- Qui vous fait croire ?...
directspeech	...
directspeech	 ¶ -- Rappelez-vous qu'en rentrant ses façons avec nous n'étaient plus les mêmes. Il nous avait traités jusqu'alors plutôt comme des accusés que comme des témoins. Après l'entretien de cinq minutes qu'il a eu avec le sous-chef de la sûreté, il vous a parlé comme il l'aurait fait dans le monde à madame la comtesse de Pommeuse... et il a été pour moi d'une parfaite courtoisie. ¶ » Il avait l'air de nous exprimer ses regrets de nous avoir soupçonnés.
directspeech	 Il nous avait traités jusqu'alors plutôt comme des accusés que comme des témoins. Après l'entretien de cinq minutes qu'il a eu avec le sous-chef de la sûreté, il vous a parlé comme il l'aurait fait dans le monde à madame la comtesse de Pommeuse... et il a été pour moi d'une parfaite courtoisie. ¶ » Il avait l'air de nous exprimer ses regrets de nous avoir soupçonnés.
directspeech	 Après l'entretien de cinq minutes qu'il a eu avec le sous-chef de la sûreté, il vous a parlé comme il l'aurait fait dans le monde à madame la comtesse de Pommeuse... et il a été pour moi d'une parfaite courtoisie. ¶ » Il avait l'air de nous exprimer ses regrets de nous avoir soupçonnés.
directspeech	 Il avait l'air de nous exprimer ses regrets de nous avoir soupçonnés.
directspeech	 ¶ -- C'est vrai... j'ai été, comme vous, frappée de ce revirement... mais je n'en tire pas les mêmes conséquences... Plusieurs fois, pendant le cours du long interrogatoire que j'ai subi avant votre arrivée, il a changé de manière et de ton... Il s'est montré tantôt rogue et cassant, tantôt poli et presque affectueux. ¶ » Sa douceur n'était qu'habileté.
directspeech	 Sa douceur n'était qu'habileté.
directspeech	 ¶ -- Au commencement, peut-être ; mais pas maintenant. La ruse est permise à un juge d'instruction, tant qu'il lutte contre un prévenu qui se défend adroitement. C'est comme les feintes dans un duel. Après, elle ne l'est plus. Un magistrat, digne de ce nom, ne s'abaisse pas jusqu'à faire semblant de marquer de la sympathie à des témoins qu'il soupçonne d'avoir déguisé la vérité. ¶ » Or, je me suis renseigné sur celui qui nous a interrogés. Il est très fort, et la preuve, c'est qu'on lui confie les affaires les plus difficiles, mais c'est un galant homme, dans toute l'acception du mot.
directspeech	 La ruse est permise à un juge d'instruction, tant qu'il lutte contre un prévenu qui se défend adroitement. C'est comme les feintes dans un duel. Après, elle ne l'est plus. Un magistrat, digne de ce nom, ne s'abaisse pas jusqu'à faire semblant de marquer de la sympathie à des témoins qu'il soupçonne d'avoir déguisé la vérité. ¶ » Or, je me suis renseigné sur celui qui nous a interrogés. Il est très fort, et la preuve, c'est qu'on lui confie les affaires les plus difficiles, mais c'est un galant homme, dans toute l'acception du mot.
directspeech	 C'est comme les feintes dans un duel. Après, elle ne l'est plus. Un magistrat, digne de ce nom, ne s'abaisse pas jusqu'à faire semblant de marquer de la sympathie à des témoins qu'il soupçonne d'avoir déguisé la vérité. ¶ » Or, je me suis renseigné sur celui qui nous a interrogés. Il est très fort, et la preuve, c'est qu'on lui confie les affaires les plus difficiles, mais c'est un galant homme, dans toute l'acception du mot.
directspeech	 Après, elle ne l'est plus. Un magistrat, digne de ce nom, ne s'abaisse pas jusqu'à faire semblant de marquer de la sympathie à des témoins qu'il soupçonne d'avoir déguisé la vérité. ¶ » Or, je me suis renseigné sur celui qui nous a interrogés. Il est très fort, et la preuve, c'est qu'on lui confie les affaires les plus difficiles, mais c'est un galant homme, dans toute l'acception du mot.
directspeech	 Un magistrat, digne de ce nom, ne s'abaisse pas jusqu'à faire semblant de marquer de la sympathie à des témoins qu'il soupçonne d'avoir déguisé la vérité. ¶ » Or, je me suis renseigné sur celui qui nous a interrogés. Il est très fort, et la preuve, c'est qu'on lui confie les affaires les plus difficiles, mais c'est un galant homme, dans toute l'acception du mot.
directspeech	 Or, je me suis renseigné sur celui qui nous a interrogés. Il est très fort, et la preuve, c'est qu'on lui confie les affaires les plus difficiles, mais c'est un galant homme, dans toute l'acception du mot.
directspeech	 Il est très fort, et la preuve, c'est qu'on lui confie les affaires les plus difficiles, mais c'est un galant homme, dans toute l'acception du mot.
directspeech	 ¶ -- Je ne demande qu'à croire ce que vous me dites... et pourtant je ne me sens pas complètement rassurée... et je reste sous le coup de douleurs que rien ne peut calmer.
directspeech	 ¶ -- La mort de votre frère ?... je n'essaierai pas de vous démontrer que cette mort est pour vous une délivrance. Le moment serait mal choisi. Vous reconnaîtrez plus tard que Dieu nous a protégés, tous, et que le duel où ce malheureux a succombé a été providentiel, quoique mon oncle y ait récolté un coup d'épée. Les suites ne regardent que lui et moi. Je vous supplie de nous laisser faire et je vous jure que vous ne serez pas inquiétée. ¶ » En revanche, chère madame, je vous demande d'en finir avec un homme qui vous aime et qui souffre de ne pas vous voir.
directspeech	... je n'essaierai pas de vous démontrer que cette mort est pour vous une délivrance. Le moment serait mal choisi. Vous reconnaîtrez plus tard que Dieu nous a protégés, tous, et que le duel où ce malheureux a succombé a été providentiel, quoique mon oncle y ait récolté un coup d'épée. Les suites ne regardent que lui et moi. Je vous supplie de nous laisser faire et je vous jure que vous ne serez pas inquiétée. ¶ » En revanche, chère madame, je vous demande d'en finir avec un homme qui vous aime et qui souffre de ne pas vous voir.
directspeech	 Le moment serait mal choisi. Vous reconnaîtrez plus tard que Dieu nous a protégés, tous, et que le duel où ce malheureux a succombé a été providentiel, quoique mon oncle y ait récolté un coup d'épée. Les suites ne regardent que lui et moi. Je vous supplie de nous laisser faire et je vous jure que vous ne serez pas inquiétée. ¶ » En revanche, chère madame, je vous demande d'en finir avec un homme qui vous aime et qui souffre de ne pas vous voir.
directspeech	 Vous reconnaîtrez plus tard que Dieu nous a protégés, tous, et que le duel où ce malheureux a succombé a été providentiel, quoique mon oncle y ait récolté un coup d'épée. Les suites ne regardent que lui et moi. Je vous supplie de nous laisser faire et je vous jure que vous ne serez pas inquiétée. ¶ » En revanche, chère madame, je vous demande d'en finir avec un homme qui vous aime et qui souffre de ne pas vous voir.
directspeech	 Les suites ne regardent que lui et moi. Je vous supplie de nous laisser faire et je vous jure que vous ne serez pas inquiétée. ¶ » En revanche, chère madame, je vous demande d'en finir avec un homme qui vous aime et qui souffre de ne pas vous voir.
directspeech	 Je vous supplie de nous laisser faire et je vous jure que vous ne serez pas inquiétée. ¶ » En revanche, chère madame, je vous demande d'en finir avec un homme qui vous aime et qui souffre de ne pas vous voir.
directspeech	 En revanche, chère madame, je vous demande d'en finir avec un homme qui vous aime et qui souffre de ne pas vous voir.
directspeech	 ¶ -- En finir ?... que voulez-vous dire ?
directspeech	... que voulez-vous dire ?
directspeech	 ¶ -- Je veux dire que je sais où sont, en ce moment, Lucien Croze et sa sœur, qu'ils m'attendent et que je suis prêt à vous conduire...
directspeech	 ¶ -- Chez eux ?
directspeech	 ¶ -- Non, madame, pas chez eux. Ils n'y sont pas... et je m'en réjouis, car je me figure qu'il vous en coûterait un peu d'aller les chercher dans cette maison de la rue des Dames où M. Pigache nous a surpris tous. ¶ » Vous devez avoir gardé un mauvais souvenir de cette première visite. ¶ » Mais nous pouvons les rencontrer sur un terrain neutre.
directspeech	 Ils n'y sont pas... et je m'en réjouis, car je me figure qu'il vous en coûterait un peu d'aller les chercher dans cette maison de la rue des Dames où M. Pigache nous a surpris tous. ¶ » Vous devez avoir gardé un mauvais souvenir de cette première visite. ¶ » Mais nous pouvons les rencontrer sur un terrain neutre.
directspeech	 Vous devez avoir gardé un mauvais souvenir de cette première visite. ¶ » Mais nous pouvons les rencontrer sur un terrain neutre.
directspeech	 Mais nous pouvons les rencontrer sur un terrain neutre.
directspeech	 ¶ Et comme la comtesse l'interrogeait d'un regard, Maxime reprit gaiement : ¶ -- N'est-ce pas l'usage, lorsqu'il s'agit des préliminaires d'un mariage, d'aboucher les futurs époux au théâtre ou à une exposition de peinture ?... Eh ! bien, nous nous conformerons à l'usage, car nous trouverons le frère et la sœur au musée du Louvre... dans la grande galerie où mademoiselle Croze achève une copie qu'on lui a commandée et qu'elle avait abandonnée pour commencer mon portrait... elle le finira quand nous serons mariés, mon portrait... et elle tient à exécuter sa commande. Lucien, aujourd'hui, l'a accompagnée au Louvre. Nous sommes certains de les y trouver tous les deux... pourvu que nous ne perdions pas de temps. Le musée ferme à quatre heures.
directspeech	... Eh ! bien, nous nous conformerons à l'usage, car nous trouverons le frère et la sœur au musée du Louvre... dans la grande galerie où mademoiselle Croze achève une copie qu'on lui a commandée et qu'elle avait abandonnée pour commencer mon portrait... elle le finira quand nous serons mariés, mon portrait... et elle tient à exécuter sa commande. Lucien, aujourd'hui, l'a accompagnée au Louvre. Nous sommes certains de les y trouver tous les deux... pourvu que nous ne perdions pas de temps. Le musée ferme à quatre heures.
directspeech	 bien, nous nous conformerons à l'usage, car nous trouverons le frère et la sœur au musée du Louvre... dans la grande galerie où mademoiselle Croze achève une copie qu'on lui a commandée et qu'elle avait abandonnée pour commencer mon portrait... elle le finira quand nous serons mariés, mon portrait... et elle tient à exécuter sa commande. Lucien, aujourd'hui, l'a accompagnée au Louvre. Nous sommes certains de les y trouver tous les deux... pourvu que nous ne perdions pas de temps. Le musée ferme à quatre heures.
directspeech	 Lucien, aujourd'hui, l'a accompagnée au Louvre. Nous sommes certains de les y trouver tous les deux... pourvu que nous ne perdions pas de temps. Le musée ferme à quatre heures.
directspeech	 Nous sommes certains de les y trouver tous les deux... pourvu que nous ne perdions pas de temps. Le musée ferme à quatre heures.
directspeech	 Le musée ferme à quatre heures.
directspeech	 ¶ -- Mais,... ils ne nous attendent pas.
directspeech	 ¶ -- Ils m'attendent, moi, et la surprise que vous leur ferez les comblera de joie. ¶ » J'ajoute, pour vous décider, que la galerie du bord de l'eau porte bonheur. C'est là que j'ai vu Odette pour la première fois. ¶ Madame de Pommeuse ne put s'empêcher de sourire à ce souvenir. Les propos alertes de ce vivace amoureux lui remontaient le moral et son pauvre cœur meurtri se reprenait à espérer. Elle sentait que ce brave Maxime avait raison sur tous les points : que son frère ne méritait pas qu'elle le pleurât ; que la partie contre Maubert et Tévenec n'était pas perdue ; que Lucien l'adorait et qu'un avenir heureux pouvait encore s'ouvrir pour elle après tant de douloureuses catastrophes.
directspeech	 J'ajoute, pour vous décider, que la galerie du bord de l'eau porte bonheur. C'est là que j'ai vu Odette pour la première fois. ¶ Madame de Pommeuse ne put s'empêcher de sourire à ce souvenir. Les propos alertes de ce vivace amoureux lui remontaient le moral et son pauvre cœur meurtri se reprenait à espérer. Elle sentait que ce brave Maxime avait raison sur tous les points : que son frère ne méritait pas qu'elle le pleurât ; que la partie contre Maubert et Tévenec n'était pas perdue ; que Lucien l'adorait et qu'un avenir heureux pouvait encore s'ouvrir pour elle après tant de douloureuses catastrophes.
directspeech	 C'est là que j'ai vu Odette pour la première fois. ¶ Madame de Pommeuse ne put s'empêcher de sourire à ce souvenir. Les propos alertes de ce vivace amoureux lui remontaient le moral et son pauvre cœur meurtri se reprenait à espérer. Elle sentait que ce brave Maxime avait raison sur tous les points : que son frère ne méritait pas qu'elle le pleurât ; que la partie contre Maubert et Tévenec n'était pas perdue ; que Lucien l'adorait et qu'un avenir heureux pouvait encore s'ouvrir pour elle après tant de douloureuses catastrophes.
directspeech	 ¶ Madame de Pommeuse ne put s'empêcher de sourire à ce souvenir. Les propos alertes de ce vivace amoureux lui remontaient le moral et son pauvre cœur meurtri se reprenait à espérer. Elle sentait que ce brave Maxime avait raison sur tous les points : que son frère ne méritait pas qu'elle le pleurât ; que la partie contre Maubert et Tévenec n'était pas perdue ; que Lucien l'adorait et qu'un avenir heureux pouvait encore s'ouvrir pour elle après tant de douloureuses catastrophes.
directspeech	 Les propos alertes de ce vivace amoureux lui remontaient le moral et son pauvre cœur meurtri se reprenait à espérer. Elle sentait que ce brave Maxime avait raison sur tous les points : que son frère ne méritait pas qu'elle le pleurât ; que la partie contre Maubert et Tévenec n'était pas perdue ; que Lucien l'adorait et qu'un avenir heureux pouvait encore s'ouvrir pour elle après tant de douloureuses catastrophes.
directspeech	 Elle sentait que ce brave Maxime avait raison sur tous les points : que son frère ne méritait pas qu'elle le pleurât ; que la partie contre Maubert et Tévenec n'était pas perdue ; que Lucien l'adorait et qu'un avenir heureux pouvait encore s'ouvrir pour elle après tant de douloureuses catastrophes.
directspeech	 ¶ -- Au Louvre !
nondirect	 murmura-t-elle.
directspeech	 N'est-il pas trop tard ?
nondirect	 ¶ Maxime comprit qu'elle abritait sous un prétexte le désir qu'elle n'osait pas avouer de revoir Lucien.
directspeech	 ¶ -- Nous arriverons avant la fermeture
nondirect	, dit-il vivement.
directspeech	 Je suis tombé par hasard sur un fiacre qui marche. Il n'est pas beaucoup plus de trois heures et quart... Nous serons au Louvre dans vingt minutes... et, d'ailleurs, si on ne nous laissait pas entrer, nous attendrions Lucien et sa sœur dans le square qui est devant la porte du musée. ¶ » C'est convenu avec eux. J'y ai même donné un rendez-vous éventuel à... à quelqu'un qui m'y apportera peut-être des nouvelles de mon oncle.
directspeech	 Il n'est pas beaucoup plus de trois heures et quart... Nous serons au Louvre dans vingt minutes... et, d'ailleurs, si on ne nous laissait pas entrer, nous attendrions Lucien et sa sœur dans le square qui est devant la porte du musée. ¶ » C'est convenu avec eux. J'y ai même donné un rendez-vous éventuel à... à quelqu'un qui m'y apportera peut-être des nouvelles de mon oncle.
directspeech	 C'est convenu avec eux. J'y ai même donné un rendez-vous éventuel à... à quelqu'un qui m'y apportera peut-être des nouvelles de mon oncle.
directspeech	 J'y ai même donné un rendez-vous éventuel à... à quelqu'un qui m'y apportera peut-être des nouvelles de mon oncle.
directspeech	 ¶ -- S'il en est ainsi, je me reprocherais de vous retenir...
directspeech	 ¶ La comtesse allait peut-être ajouter : « Partez sans moi »
nondirect	, mais Maxime fit un signe au cocher qui s'était arrêté, tout près du trottoir de la rue de Presbourg et qui s'empressa d'ouvrir lui-même la portière de sa voiture.
nondirect	 ¶ Il croyait son bourgeois en bonne fortune et il flairait un généreux pourboire.
nondirect	 ¶ Madame de Pommeuse se laissa conduire et monta la première, suivie de près par Maxime.
nondirect	 ¶ Le cheval fila par l'avenue des Champs-Élysées et ils roulèrent quelque temps sans se parler.
nondirect	 ¶ Ils avaient eu en même temps la même pensée.
nondirect	 ¶ Ils songeaient à ce voyage commencé rue du Rocher et terminé à la porte de Clichy, ce voyage qui avait décidé de leurs destinées.
nondirect	 ¶ Chalandrey ne le regrettait pas.
nondirect	 Il touchait au port, puisqu'il allait épouser Odette.
nondirect	 ¶ La comtesse en était encore à se demander si elle ne devait pas maudire ce point de départ de tant d'aventures qui n'étaient pas finies.
nondirect	 ¶ Les fiacres et les cochers avaient joué un grand rôle dans leur histoire, et Maxime ne put s'empêcher de le dire.
directspeech	 ¶ -- Ne trouvez-vous pas
directspeech	, demanda-t-il en riant, que nous sommes prédestinés aux événements qui commencent en voiture ?
directspeech	 ¶ -- C'est vrai
nondirect	, murmura la comtesse.
directspeech	 ¶ -- La première fois que vous y êtes montée avec moi, vous ne vous doutiez guère, ni moi non plus, que nous nous en souviendrions toute notre vie. ¶ » Et le fiacre qui, peu de jours après, vous a menée rue de Naples où des agents vous guettaient... des agents qui vous ont suivie jusqu'à la rue des Dames...
directspeech	 Et le fiacre qui, peu de jours après, vous a menée rue de Naples où des agents vous guettaient... des agents qui vous ont suivie jusqu'à la rue des Dames...
directspeech	 ¶ -- Vous oubliez la berline à glaces de bois où les valets de Tévenec m'ont enfermée...
directspeech	 ¶ -- Je ne l'oublie pas... et j'espère encore que ce coquin sera traité selon ses mérites. Que vous en a dit le juge d'instruction ?
directspeech	 Que vous en a dit le juge d'instruction ?
directspeech	 ¶ -- Il m'a dit qu'on le recherchait activement, mais que sans doute Tévenec avait eu le temps de passer en Angleterre.
directspeech	 ¶ -- Je suis persuadé du contraire. Il n'a pas dû abandonner la partie, tant qu'il lui restait une chance de la gagner... et de plus, il doit avoir des comptes à régler avec ses associés... oui, ses associés, car je ne doute pas qu'il ne fût l'âme de la bande du pavillon... cette bande dont Maubert était le chef militant... Tévenec ne mettait pas la main aux grosses besognes, mais il dirigeait les opérations... et si on arrête Maubert, je ne serais pas étonné qu'on prît Tévenec.
directspeech	 Il n'a pas dû abandonner la partie, tant qu'il lui restait une chance de la gagner... et de plus, il doit avoir des comptes à régler avec ses associés... oui, ses associés, car je ne doute pas qu'il ne fût l'âme de la bande du pavillon... cette bande dont Maubert était le chef militant... Tévenec ne mettait pas la main aux grosses besognes, mais il dirigeait les opérations... et si on arrête Maubert, je ne serais pas étonné qu'on prît Tévenec.
directspeech	 ¶ -- Ils sont sur leurs gardes... et d'ailleurs, où se réuniraient-ils ?... Tévenec, s'il est resté caché dans Paris, ne commettra pas l'imprudence d'aller voir son complice.
directspeech	... Tévenec, s'il est resté caché dans Paris, ne commettra pas l'imprudence d'aller voir son complice.
directspeech	 ¶ -- Il est certain qu'il ne se montrera pas dans les bureaux de la maison de banque de la rue des Petites-Écuries. Mais ces coquins ont tant de locaux à leur disposition ! ¶ » On en a découvert deux. Je parierais bien qu'ils en ont trois ou quatre et qu'ils se rencontreront quelque part avant de se séparer. Le juge d'instruction n'a peut-être laissé partir Maubert que pour avoir les autres. ¶ » Si Pigache les ramassait tous du même coup de filet, Pigache serait le roi des policiers passés, présents et futurs. ¶ » Mais je m'amuse à raisonner sur des hypothèses et je ferais beaucoup mieux de vous parler de Lucien. ¶ » J'aurais dû commencer par vous dire que je lui ai trouvé une place... dans une administration dont le directeur est un de mes amis... une place beaucoup mieux rétribuée que celle qu'il a perdue... c'est l'indépendance assurée... et Lucien tient, avant tout, à pouvoir se suffire à lui-même... il me le disait encore hier... et il ne se mariera qu'à cette condition de travailler pour gagner sa vie, comme par le passé... épousât-il une femme riche à millions.
directspeech	 Mais ces coquins ont tant de locaux à leur disposition ! ¶ » On en a découvert deux. Je parierais bien qu'ils en ont trois ou quatre et qu'ils se rencontreront quelque part avant de se séparer. Le juge d'instruction n'a peut-être laissé partir Maubert que pour avoir les autres. ¶ » Si Pigache les ramassait tous du même coup de filet, Pigache serait le roi des policiers passés, présents et futurs. ¶ » Mais je m'amuse à raisonner sur des hypothèses et je ferais beaucoup mieux de vous parler de Lucien. ¶ » J'aurais dû commencer par vous dire que je lui ai trouvé une place... dans une administration dont le directeur est un de mes amis... une place beaucoup mieux rétribuée que celle qu'il a perdue... c'est l'indépendance assurée... et Lucien tient, avant tout, à pouvoir se suffire à lui-même... il me le disait encore hier... et il ne se mariera qu'à cette condition de travailler pour gagner sa vie, comme par le passé... épousât-il une femme riche à millions.
directspeech	 On en a découvert deux. Je parierais bien qu'ils en ont trois ou quatre et qu'ils se rencontreront quelque part avant de se séparer. Le juge d'instruction n'a peut-être laissé partir Maubert que pour avoir les autres. ¶ » Si Pigache les ramassait tous du même coup de filet, Pigache serait le roi des policiers passés, présents et futurs. ¶ » Mais je m'amuse à raisonner sur des hypothèses et je ferais beaucoup mieux de vous parler de Lucien. ¶ » J'aurais dû commencer par vous dire que je lui ai trouvé une place... dans une administration dont le directeur est un de mes amis... une place beaucoup mieux rétribuée que celle qu'il a perdue... c'est l'indépendance assurée... et Lucien tient, avant tout, à pouvoir se suffire à lui-même... il me le disait encore hier... et il ne se mariera qu'à cette condition de travailler pour gagner sa vie, comme par le passé... épousât-il une femme riche à millions.
directspeech	 Je parierais bien qu'ils en ont trois ou quatre et qu'ils se rencontreront quelque part avant de se séparer. Le juge d'instruction n'a peut-être laissé partir Maubert que pour avoir les autres. ¶ » Si Pigache les ramassait tous du même coup de filet, Pigache serait le roi des policiers passés, présents et futurs. ¶ » Mais je m'amuse à raisonner sur des hypothèses et je ferais beaucoup mieux de vous parler de Lucien. ¶ » J'aurais dû commencer par vous dire que je lui ai trouvé une place... dans une administration dont le directeur est un de mes amis... une place beaucoup mieux rétribuée que celle qu'il a perdue... c'est l'indépendance assurée... et Lucien tient, avant tout, à pouvoir se suffire à lui-même... il me le disait encore hier... et il ne se mariera qu'à cette condition de travailler pour gagner sa vie, comme par le passé... épousât-il une femme riche à millions.
directspeech	 Le juge d'instruction n'a peut-être laissé partir Maubert que pour avoir les autres. ¶ » Si Pigache les ramassait tous du même coup de filet, Pigache serait le roi des policiers passés, présents et futurs. ¶ » Mais je m'amuse à raisonner sur des hypothèses et je ferais beaucoup mieux de vous parler de Lucien. ¶ » J'aurais dû commencer par vous dire que je lui ai trouvé une place... dans une administration dont le directeur est un de mes amis... une place beaucoup mieux rétribuée que celle qu'il a perdue... c'est l'indépendance assurée... et Lucien tient, avant tout, à pouvoir se suffire à lui-même... il me le disait encore hier... et il ne se mariera qu'à cette condition de travailler pour gagner sa vie, comme par le passé... épousât-il une femme riche à millions.
directspeech	 Si Pigache les ramassait tous du même coup de filet, Pigache serait le roi des policiers passés, présents et futurs. ¶ » Mais je m'amuse à raisonner sur des hypothèses et je ferais beaucoup mieux de vous parler de Lucien. ¶ » J'aurais dû commencer par vous dire que je lui ai trouvé une place... dans une administration dont le directeur est un de mes amis... une place beaucoup mieux rétribuée que celle qu'il a perdue... c'est l'indépendance assurée... et Lucien tient, avant tout, à pouvoir se suffire à lui-même... il me le disait encore hier... et il ne se mariera qu'à cette condition de travailler pour gagner sa vie, comme par le passé... épousât-il une femme riche à millions.
directspeech	 Mais je m'amuse à raisonner sur des hypothèses et je ferais beaucoup mieux de vous parler de Lucien. ¶ » J'aurais dû commencer par vous dire que je lui ai trouvé une place... dans une administration dont le directeur est un de mes amis... une place beaucoup mieux rétribuée que celle qu'il a perdue... c'est l'indépendance assurée... et Lucien tient, avant tout, à pouvoir se suffire à lui-même... il me le disait encore hier... et il ne se mariera qu'à cette condition de travailler pour gagner sa vie, comme par le passé... épousât-il une femme riche à millions.
directspeech	 J'aurais dû commencer par vous dire que je lui ai trouvé une place... dans une administration dont le directeur est un de mes amis... une place beaucoup mieux rétribuée que celle qu'il a perdue... c'est l'indépendance assurée... et Lucien tient, avant tout, à pouvoir se suffire à lui-même... il me le disait encore hier... et il ne se mariera qu'à cette condition de travailler pour gagner sa vie, comme par le passé... épousât-il une femme riche à millions.
directspeech	 ¶ -- Je n'ai jamais douté de son désintéressement
nondirect	, murmura la comtesse, plus résolue que jamais à renoncer à l'héritage de son père.
directspeech	 ¶ -- C'est dans le sang des Croze, ces sentiments-là
nondirect	, reprit en riant Chalandrey.
directspeech	 Mademoiselle Odette m'a déclaré qu'elle entendait continuer à tirer profit de son talent d'artiste. Je ne l'empêcherai pas de vendre sa peinture, mais elle a compris que ma femme ne pouvait pas chanter pour de l'argent. Vous ne l'aurez plus à vos samedis, chère madame.
directspeech	 Je ne l'empêcherai pas de vendre sa peinture, mais elle a compris que ma femme ne pouvait pas chanter pour de l'argent. Vous ne l'aurez plus à vos samedis, chère madame.
directspeech	 Vous ne l'aurez plus à vos samedis, chère madame.
directspeech	 ¶ -- Mes samedis sont finis
nondirect	, dit vivement madame de Pommeuse.
directspeech	 Quoi qu'il arrive, je quitterai mon hôtel... et quant à ma fortune...
directspeech	 ¶ -- J'ai deviné que vous vouliez y renoncer et, sur ce point, je n'ai pas de conseils à vous donner ; mais je puis vous dire que Lucien, qui vous adore, vous aimera encore plus quand il saura que vous êtes pauvre. ¶ » Ah ! nous arrivons !... quatre heures moins un quart !... diable !... je crains fort qu'on ne nous laisse pas entrer.
directspeech	 Ah ! nous arrivons !... quatre heures moins un quart !... diable !... je crains fort qu'on ne nous laisse pas entrer.
directspeech	 nous arrivons !... quatre heures moins un quart !... diable !... je crains fort qu'on ne nous laisse pas entrer.
directspeech	... quatre heures moins un quart !... diable !... je crains fort qu'on ne nous laisse pas entrer.
directspeech	... diable !... je crains fort qu'on ne nous laisse pas entrer.
directspeech	... je crains fort qu'on ne nous laisse pas entrer.
nondirect	 ¶ Après avoir descendu l'avenue des Champs-Élysées, le fiacre avait suivi les quais et débouchait sur la place du Carrousel, pour tourner à droite entre le musée et le square.
nondirect	 ¶ Il y a là un coin d'aspect mélancolique où les passants n'abondent pas et où l'arrivée d'une voiture est presque un événement.
nondirect	 ¶ Maxime fit arrêter la sienne assez loin de l'entrée des galeries et vit tout de suite que l'heure était passée.
nondirect	 ¶ Les visiteurs et les artistes sortaient à la file.
nondirect	 ¶ Mais, presque aussitôt, il aperçut Lucien Croze montant la garde devant la grille du jardin carré qui occupe le fond de cette espèce de cour que bordent de trois côtés les bâtiments du nouveau Louvre.
nondirect	 ¶ Évidemment, Odette n'était pas loin.
nondirect	 ¶ Son frère reconnut de loin madame de Pommeuse et vint à sa rencontre.
nondirect	 ¶ Ils s'abordèrent, aussi émus l'un que l'autre, émus au point de ne pas trouver une parole et il fallut que Maxime entamât la conversation en disant à son ami : ¶ 
directspeech	-- Ta sœur est là, n'est-ce pas ?
directspeech	 ¶ -- Assise sur un des bancs du square
nondirect	, balbutia Lucien.
directspeech	 ¶ -- Allons la rejoindre... nous ne pouvons rien faire sans elle... et madame de Pommeuse a hâte de la voir
nondirect	, reprit malicieusement Chalandrey, qui trouvait amusant de laisser croire à l'amoureux Lucien que la comtesse ne venait que pour Odette.
nondirect	 ¶ L'explication ne tarda guère, car Odette, ennuyée d'attendre, sortit du square, les vit et accourut.
nondirect	 ¶ Elle n'en était plus, comme son frère, aux cruelles incertitudes qui tourmentent les cœurs épris.
nondirect	 Elle était sûre d'être aimée et l'apparition de la comtesse ne la troubla pas du tout, car elle devina tout de suite pourquoi elle était venue avec Maxime de Chalandrey.
nondirect	 ¶ Au lieu de faire des phrases, elle prit les mains de sa future belle-sœur et elle l'embrassa sur les deux joues, sans lui demander la permission.
nondirect	 ¶ La glace était rompue et Maxime ne perdit pas de temps pour mettre à profit l'heureuse intervention de la jeune fille qui venait de supprimer hardiment les préambules embarrassants.
nondirect	 ¶ Il les entraîna tous les trois dans le square, plus propice aux tendres causeries qu'un chemin où passaient des rapins chevelus, et là, dans une allée solitaire, au milieu des verdures nouvelles, ils s'apprêtait à mettre les amoureux sur la voie d'une explication décisive, lorsqu'il avisa Cabardos qui arrivait tout essoufflé.
nondirect	 ¶ Cabardos apportait certainement des nouvelles de l'oncle d'Argental et de son entrevue avec le préfet de police.
nondirect	 C'était convenu entre Chalandrey et lui.
nondirect	 ¶ Mais ces nouvelles, qui auraient fort intéressé la comtesse, ne regardaient ni Lucien, ni sa sœur, et Maxime n'avait garde de les mettre dans la confidence du drame auquel il venait d'assister.
nondirect	 ¶ Il n'était pas fâché d'ailleurs de laisser Odette achever sans lui ce qu'elle avait si bien commencé.
directspeech	 ¶ -- Voilà un monsieur qui me cherche
directspeech	, dit-il, et je sais pourquoi... c'est un ami de mon oncle... il faut absolument que je lui parle... ce ne sera pas long.
directspeech	 ¶ Et il courut à Cabardos qui s'était arrêté au bout de l'allée et qui lui dit : ¶ -- Ah ! monsieur, quel homme que le commandant ! En moins d'une heure, il a tout arrangé.
directspeech	 monsieur, quel homme que le commandant ! En moins d'une heure, il a tout arrangé.
directspeech	 En moins d'une heure, il a tout arrangé.
directspeech	 ¶ -- Il a vu le préfet ?
nondirect	 demanda Chalandrey.
directspeech	 ¶ -- Le préfet... le chef de la Sûreté... le juge d'instruction, et il a si bien parlé qu'ils l'ont écouté comme un oracle... il paraît que le préfet l'a connu autrefois...
directspeech	 ¶ -- Oui... et mon oncle a eu l'occasion de lui rendre un service assez important.
directspeech	 ¶ -- Eh bien ! le préfet s'en est souvenu, car il l'a reçu tout de suite... et ce qu'il y a de plus fort, c'est que j'ai été appelé, moi aussi, dans le cabinet du grand chef... qui m'a interrogé lui-même.
directspeech	 le préfet s'en est souvenu, car il l'a reçu tout de suite... et ce qu'il y a de plus fort, c'est que j'ai été appelé, moi aussi, dans le cabinet du grand chef... qui m'a interrogé lui-même.
directspeech	 ¶ -- Alors mon oncle leur a raconté le duel ?
directspeech	 ¶ -- Tout comme il s'est passé... sans rien leur cacher... il aurait voulu mentir qu'il n'aurait pas pu... ça ne lui est jamais arrivé de sa vie.
directspeech	 ¶ -- Alors, ils savent pourquoi il s'est battu ?
directspeech	 ¶ -- Ils savent tout... excepté que le faux Américain avait écrit une lettre... ça fait que si on vous interroge... et on vous interrogera...
directspeech	 ¶ -- Je n'en parlerai pas. Elle est arrivée à son adresse. Mais il me semble impossible que l'affaire en reste là. Il y a eu mort d'homme.
directspeech	 Elle est arrivée à son adresse. Mais il me semble impossible que l'affaire en reste là. Il y a eu mort d'homme.
directspeech	 Mais il me semble impossible que l'affaire en reste là. Il y a eu mort d'homme.
directspeech	 Il y a eu mort d'homme.
directspeech	 ¶ -- Il y aura une instruction. Elle est déjà commencée. Le juge est nommé. Le chef de la Sûreté est chez vous avec mon patron qui m'a chargé de vous y amener... j'ai dit que je savais où vous étiez...
directspeech	 Elle est déjà commencée. Le juge est nommé. Le chef de la Sûreté est chez vous avec mon patron qui m'a chargé de vous y amener... j'ai dit que je savais où vous étiez...
directspeech	 Le juge est nommé. Le chef de la Sûreté est chez vous avec mon patron qui m'a chargé de vous y amener... j'ai dit que je savais où vous étiez...
directspeech	 Le chef de la Sûreté est chez vous avec mon patron qui m'a chargé de vous y amener... j'ai dit que je savais où vous étiez...
directspeech	 ¶ -- Et mon oncle ?... où est-il ?
directspeech	... où est-il ?
directspeech	 ¶ -- Chez lui, rue du Helder... le médecin qui l'a pansé à la Préfecture a dit que sa blessure n'était rien, mais qu'il fallait du repos...
directspeech	 ¶ -- Bon ! ce juge qu'on a désigné... est celui qui instruit l'affaire du pavillon ?
directspeech	 ce juge qu'on a désigné... est celui qui instruit l'affaire du pavillon ?
directspeech	 ¶ -- Non pas. C'est un autre... un ancien qui a été chargé dans le temps de l'affaire de Vincennes... on va la reprendre... et on trouvera bien là-bas des gens qui reconnaîtront le capitaine Henri... comme je l'ai reconnu quand il était vivant.
directspeech	 C'est un autre... un ancien qui a été chargé dans le temps de l'affaire de Vincennes... on va la reprendre... et on trouvera bien là-bas des gens qui reconnaîtront le capitaine Henri... comme je l'ai reconnu quand il était vivant.
directspeech	 ¶ -- Alors, tout ira bien... pourvu qu'on ne découvre pas comment il s'appelait de son vrai nom...
directspeech	 ¶ -- Oui... je comprends... ça contrarierait la dame... Mais il n'y a pas de danger... on ne cherchera pas de ce côté-là. Il faut que je vous dise aussi que si le commandant n'a pas parlé de la lettre, il a parlé du portefeuille...
directspeech	 Il faut que je vous dise aussi que si le commandant n'a pas parlé de la lettre, il a parlé du portefeuille...
directspeech	 ¶ -- Naturellement... à cause des billets de banque. Je l'ai sur moi et je vais le remettre à M. Pigache. ¶ » A-t-il été question de Goudal ?
directspeech	 Je l'ai sur moi et je vais le remettre à M. Pigache. ¶ » A-t-il été question de Goudal ?
directspeech	 A-t-il été question de Goudal ?
directspeech	 ¶ -- Ce monsieur qui a servi de témoin à l'Américain ? Oui, certes. Votre oncle a donné son nom et son adresse. Nous le trouverons peut-être chez vous... et on doit y amener aussi le voisin qui nous regardait d'une fenêtre... Celui-là pourrait certifier que tout s'est passé régulièrement. ¶ » Maintenant, on nous attend là-haut... et si vous voulez bien venir avec moi, je vais vous y conduire.
directspeech	 Oui, certes. Votre oncle a donné son nom et son adresse. Nous le trouverons peut-être chez vous... et on doit y amener aussi le voisin qui nous regardait d'une fenêtre... Celui-là pourrait certifier que tout s'est passé régulièrement. ¶ » Maintenant, on nous attend là-haut... et si vous voulez bien venir avec moi, je vais vous y conduire.
directspeech	 Votre oncle a donné son nom et son adresse. Nous le trouverons peut-être chez vous... et on doit y amener aussi le voisin qui nous regardait d'une fenêtre... Celui-là pourrait certifier que tout s'est passé régulièrement. ¶ » Maintenant, on nous attend là-haut... et si vous voulez bien venir avec moi, je vais vous y conduire.
directspeech	 Nous le trouverons peut-être chez vous... et on doit y amener aussi le voisin qui nous regardait d'une fenêtre... Celui-là pourrait certifier que tout s'est passé régulièrement. ¶ » Maintenant, on nous attend là-haut... et si vous voulez bien venir avec moi, je vais vous y conduire.
directspeech	 Maintenant, on nous attend là-haut... et si vous voulez bien venir avec moi, je vais vous y conduire.
directspeech	 ¶ -- Ne bougez pas. Je suis à vous. Deux mots à dire à mes amis.
directspeech	 Je suis à vous. Deux mots à dire à mes amis.
directspeech	 Deux mots à dire à mes amis.
nondirect	 ¶ Cabardos comprit et s'éloigna tout doucement, pendant que Maxime abordait la comtesse, assise sur un des bancs du square entre Odette et Lucien.
nondirect	 ¶ Maxime n'eut qu'à les regarder pour constater que l'entente s'était faite et qu'il y aurait deux mariages au lieu d'un.
nondirect	 ¶ Madame de Pommeuse avait abandonné sa main à Lucien Croze qui la couvrait de baisers.
nondirect	 ¶ Ils pleuraient tous les deux, mais c'était de joie, et Odette était radieuse.
nondirect	 ¶ Chalandrey ne perdit pas son temps à les questionner, ni à les renseigner.
directspeech	 ¶ -- Bonnes nouvelles !
nondirect	 leur dit-il simplement.
directspeech	 Ce brave homme vient de m'apprendre que tout est arrangé... oui, tout... mais il faut que je l'accompagne près de mon oncle qui a besoin de moi... et qui me retiendra peut-être quelques heures. ¶ » Où vous retrouverai-je ?
directspeech	 Où vous retrouverai-je ?
directspeech	 ¶ -- Chez nous
nondirect	, répondit vivement Odette.
nondirect	 ¶ Dans sa bouche et en ce moment ce « chez nous » avait une signification très claire. «
nondirect	 Nous » s'appliquait aussi à la comtesse, qui bientôt n'aurait plus d'autre domicile que celui de Lucien Croze, son nouveau mari.
nondirect	 ¶ Chalandrey comprit et n'en demanda pas davantage.
nondirect	 Il les engagea à se servir, pour aller rue des Dames, du fiacre qui l'avait amené avec madame de Pommeuse et il alla rejoindre Cabardos.
directspeech	 ¶ -- Ah ! monsieur
directspeech	 monsieur
directspeech	, s'écria l'heureux brigadier, si vous saviez comme je suis content ! Je ne vous ai pas tout dit. On va en finir cette nuit avec les bandits du pavillon. M. Pigache commandera l'expédition et j'en serai.
directspeech	 Je ne vous ai pas tout dit. On va en finir cette nuit avec les bandits du pavillon. M. Pigache commandera l'expédition et j'en serai.
directspeech	 On va en finir cette nuit avec les bandits du pavillon. M. Pigache commandera l'expédition et j'en serai.
directspeech	 M. Pigache commandera l'expédition et j'en serai.
